time,city,speed_kt,deg

2026-03-10 06:50:00,Juanda,1.6,269
2026-03-10 06:50:00,Perak,8.3,275
2026-03-10 06:50:00,Bawean,12.2,261
2026-03-10 06:50:00,Kalianget,2.5,350
2026-03-10 06:50:00,Banyuwangi,8.5,192
2026-03-10 06:50:00,KarangPloso,5.6,210
2026-03-10 06:50:00,Tretes,0.8,320
2026-03-10 06:50:00,KarangKates,7.5,225
2026-03-10 06:50:00,Sawahan,2.3,260
2026-03-10 06:50:00,Tuban,9.5,298
2026-03-10 06:50:00,Pacitan,8.0,251
2026-03-10 06:50:00,Dhoho,7.5,156
2026-03-10 07:00:00,Juanda,1.6,269
2026-03-10 07:00:00,Perak,8.3,275
2026-03-10 07:00:00,Bawean,12.2,261
2026-03-10 07:00:00,Kalianget,2.5,350
2026-03-10 07:00:00,Banyuwangi,8.5,192
2026-03-10 07:00:00,KarangPloso,5.6,210
2026-03-10 07:00:00,Tretes,0.8,320
2026-03-10 07:00:00,KarangKates,7.5,225
2026-03-10 07:00:00,Sawahan,2.3,260
2026-03-10 07:00:00,Tuban,9.5,298
2026-03-10 07:00:00,Pacitan,8.0,251
2026-03-10 07:00:00,Dhoho,7.5,156
2026-03-10 07:10:00,Juanda,8.0,100
2026-03-10 07:10:00,Perak,8.0,100
2026-03-10 07:10:00,Bawean,12.2,261
2026-03-10 07:10:00,Kalianget,2.5,350
2026-03-10 07:10:00,Banyuwangi,8.5,192
2026-03-10 07:10:00,KarangPloso,5.6,210
2026-03-10 07:10:00,Tretes,0.8,320
2026-03-10 07:10:00,KarangKates,7.5,225
2026-03-10 07:10:00,Sawahan,2.3,260
2026-03-10 07:10:00,Tuban,9.5,298
2026-03-10 07:10:00,Pacitan,8.0,251
2026-03-10 07:10:00,Dhoho,7.5,156
2026-03-10 07:20:00,Juanda,1.6,269
2026-03-10 07:20:00,Perak,8.3,275
2026-03-10 07:20:00,Bawean,12.2,261
2026-03-10 07:20:00,Kalianget,2.5,350
2026-03-10 07:20:00,Banyuwangi,8.5,192
2026-03-10 07:20:00,KarangPloso,5.6,210
2026-03-10 07:20:00,Tretes,0.8,320
2026-03-10 07:20:00,KarangKates,7.5,225
2026-03-10 07:20:00,Sawahan,2.3,260
2026-03-10 07:20:00,Tuban,9.5,298
2026-03-10 07:20:00,Pacitan,8.0,251
2026-03-10 07:20:00,Dhoho,7.5,156
2026-03-10 07:30:00,Juanda,2.5,296
2026-03-10 07:30:00,Perak,6.8,283
2026-03-10 07:30:00,Bawean,12.6,265
2026-03-10 07:30:00,Kalianget,4.5,332
2026-03-10 07:30:00,Banyuwangi,8.1,193
2026-03-10 07:30:00,KarangPloso,5.5,209
2026-03-10 07:30:00,Tretes,0.7,330
2026-03-10 07:30:00,KarangKates,6.7,226
2026-03-10 07:30:00,Sawahan,2.3,260
2026-03-10 07:30:00,Tuban,9.6,294
2026-03-10 07:30:00,Pacitan,8.0,251
2026-03-10 07:30:00,Dhoho,8.2,157
2026-03-10 07:40:00,Juanda,2.5,296
2026-03-10 07:40:00,Perak,6.8,283
2026-03-10 07:40:00,Bawean,12.6,265
2026-03-10 07:40:00,Kalianget,4.5,332
2026-03-10 07:40:00,Banyuwangi,8.1,193
2026-03-10 07:40:00,KarangPloso,5.5,209
2026-03-10 07:40:00,Tretes,0.7,330
2026-03-10 07:40:00,KarangKates,6.7,226
2026-03-10 07:40:00,Sawahan,2.6,279
2026-03-10 07:40:00,Tuban,9.6,294
2026-03-10 07:40:00,Pacitan,7.7,250
2026-03-10 07:40:00,Dhoho,8.2,157
2026-03-10 07:50:00,Juanda,2.5,296
2026-03-10 07:50:00,Perak,6.8,283
2026-03-10 07:50:00,Bawean,12.6,265
2026-03-10 07:50:00,Kalianget,4.5,332
2026-03-10 07:50:00,Banyuwangi,8.1,193
2026-03-10 07:50:00,KarangPloso,5.5,209
2026-03-10 07:50:00,Tretes,0.7,330
2026-03-10 07:50:00,KarangKates,6.7,226
2026-03-10 07:50:00,Sawahan,2.6,279
2026-03-10 07:50:00,Tuban,9.6,294
2026-03-10 07:50:00,Pacitan,7.7,250
2026-03-10 07:50:00,Dhoho,8.2,157
2026-03-10 08:00:00,Juanda,2.5,296
2026-03-10 08:00:00,Perak,6.8,283
2026-03-10 08:00:00,Bawean,12.6,265
2026-03-10 08:00:00,Kalianget,4.5,332
2026-03-10 08:00:00,Banyuwangi,8.1,193
2026-03-10 08:00:00,KarangPloso,5.5,209
2026-03-10 08:00:00,Tretes,0.7,330
2026-03-10 08:00:00,KarangKates,6.7,226
2026-03-10 08:00:00,Sawahan,2.6,279
2026-03-10 08:00:00,Tuban,9.6,294
2026-03-10 08:00:00,Pacitan,7.7,250
2026-03-10 08:00:00,Dhoho,8.2,157
2026-03-10 08:10:00,Juanda,2.5,296
2026-03-10 08:10:00,Perak,6.8,283
2026-03-10 08:10:00,Bawean,12.6,265
2026-03-10 08:10:00,Kalianget,4.5,332
2026-03-10 08:10:00,Banyuwangi,8.1,193
2026-03-10 08:10:00,KarangPloso,5.5,209
2026-03-10 08:10:00,Tretes,0.7,330
2026-03-10 08:10:00,KarangKates,6.7,226
2026-03-10 08:10:00,Sawahan,2.6,279
2026-03-10 08:10:00,Tuban,9.6,294
2026-03-10 08:10:00,Pacitan,7.7,250
2026-03-10 08:10:00,Dhoho,8.2,157
2026-03-10 08:20:00,Juanda,2.5,296
2026-03-10 08:20:00,Perak,6.8,283
2026-03-10 08:20:00,Bawean,12.6,265
2026-03-10 08:20:00,Kalianget,4.5,332
2026-03-10 08:20:00,Banyuwangi,8.1,193
2026-03-10 08:20:00,KarangPloso,5.5,209
2026-03-10 08:20:00,Tretes,0.7,330
2026-03-10 08:20:00,KarangKates,6.7,226
2026-03-10 08:20:00,Sawahan,2.6,279
2026-03-10 08:20:00,Tuban,9.6,294
2026-03-10 08:20:00,Pacitan,7.7,250
2026-03-10 08:20:00,Dhoho,8.2,157
2026-03-10 08:30:00,Juanda,8.0,100
2026-03-10 08:30:00,Perak,8.0,100
2026-03-10 08:30:00,Bawean,12.6,265
2026-03-10 08:30:00,Kalianget,4.9,325
2026-03-10 08:30:00,Banyuwangi,7.3,192
2026-03-10 08:30:00,KarangPloso,4.5,206
2026-03-10 08:30:00,Tretes,0.7,330
2026-03-10 08:30:00,KarangKates,5.5,228
2026-03-10 08:30:00,Sawahan,2.6,279
2026-03-10 08:30:00,Tuban,9.5,294
2026-03-10 08:30:00,Pacitan,7.7,250
2026-03-10 08:30:00,Dhoho,8.3,160
2026-03-10 08:40:00,Juanda,1.4,287
2026-03-10 08:40:00,Perak,6.2,294
2026-03-10 08:40:00,Bawean,12.3,270
2026-03-10 08:40:00,Kalianget,4.9,325
2026-03-10 08:40:00,Banyuwangi,7.3,192
2026-03-10 08:40:00,KarangPloso,4.5,206
2026-03-10 08:40:00,Tretes,0.9,51
2026-03-10 08:40:00,KarangKates,5.5,228
2026-03-10 08:40:00,Sawahan,3.2,264
2026-03-10 08:40:00,Tuban,9.5,294
2026-03-10 08:40:00,Pacitan,7.4,255
2026-03-10 08:40:00,Dhoho,8.3,160
2026-03-10 08:50:00,Juanda,1.4,287
2026-03-10 08:50:00,Perak,6.2,294
2026-03-10 08:50:00,Bawean,12.3,270
2026-03-10 08:50:00,Kalianget,4.9,325
2026-03-10 08:50:00,Banyuwangi,7.3,192
2026-03-10 08:50:00,KarangPloso,4.5,206
2026-03-10 08:50:00,Tretes,0.9,51
2026-03-10 08:50:00,KarangKates,5.5,228
2026-03-10 08:50:00,Sawahan,3.2,264
2026-03-10 08:50:00,Tuban,9.5,294
2026-03-10 08:50:00,Pacitan,7.4,255
2026-03-10 08:50:00,Dhoho,8.3,160
2026-03-10 09:00:00,Juanda,1.4,287
2026-03-10 09:00:00,Perak,6.2,294
2026-03-10 09:00:00,Bawean,12.3,270
2026-03-10 09:00:00,Kalianget,4.9,325
2026-03-10 09:00:00,Banyuwangi,7.3,192
2026-03-10 09:00:00,KarangPloso,4.5,206
2026-03-10 09:00:00,Tretes,0.9,51
2026-03-10 09:00:00,KarangKates,5.5,228
2026-03-10 09:00:00,Sawahan,3.2,264
2026-03-10 09:00:00,Tuban,9.5,294
2026-03-10 09:00:00,Pacitan,7.4,255
2026-03-10 09:00:00,Dhoho,8.3,160
2026-03-10 09:10:00,Juanda,8.0,80
2026-03-10 09:10:00,Perak,6.2,294
2026-03-10 09:10:00,Bawean,12.3,270
2026-03-10 09:10:00,Kalianget,4.9,325
2026-03-10 09:10:00,Banyuwangi,7.3,192
2026-03-10 09:10:00,KarangPloso,4.5,206
2026-03-10 09:10:00,Tretes,0.9,51
2026-03-10 09:10:00,KarangKates,5.5,228
2026-03-10 09:10:00,Sawahan,3.2,264
2026-03-10 09:10:00,Tuban,9.5,294
2026-03-10 09:10:00,Pacitan,7.4,255
2026-03-10 09:10:00,Dhoho,8.3,160
2026-03-10 09:20:00,Juanda,1.4,287
2026-03-10 09:20:00,Perak,6.2,294
2026-03-10 09:20:00,Bawean,12.3,270
2026-03-10 09:20:00,Kalianget,4.9,325
2026-03-10 09:20:00,Banyuwangi,7.3,192
2026-03-10 09:20:00,KarangPloso,4.5,206
2026-03-10 09:20:00,Tretes,0.9,51
2026-03-10 09:20:00,KarangKates,5.5,228
2026-03-10 09:20:00,Sawahan,3.2,264
2026-03-10 09:20:00,Tuban,9.5,294
2026-03-10 09:20:00,Pacitan,7.4,255
2026-03-10 09:20:00,Dhoho,8.3,160
2026-03-10 09:30:00,Juanda,8.0,80
2026-03-10 09:30:00,Perak,5.8,306
2026-03-10 09:30:00,Bawean,13.4,277
2026-03-10 09:30:00,Kalianget,4.5,312
2026-03-10 09:30:00,Banyuwangi,6.1,200
2026-03-10 09:30:00,KarangPloso,4.5,206
2026-03-10 09:30:00,Tretes,1.4,171
2026-03-10 09:30:00,KarangKates,3.9,228
2026-03-10 09:30:00,Sawahan,2.0,242
2026-03-10 09:30:00,Tuban,7.4,284
2026-03-10 09:30:00,Pacitan,6.4,260
2026-03-10 09:30:00,Dhoho,8.6,162
2026-03-10 09:40:00,Juanda,0.9,317
2026-03-10 09:40:00,Perak,5.8,306
2026-03-10 09:40:00,Bawean,13.4,277
2026-03-10 09:40:00,Kalianget,4.5,312
2026-03-10 09:40:00,Banyuwangi,6.1,200
2026-03-10 09:40:00,KarangPloso,4.4,212
2026-03-10 09:40:00,Tretes,1.4,171
2026-03-10 09:40:00,KarangKates,3.9,228
2026-03-10 09:40:00,Sawahan,2.0,242
2026-03-10 09:40:00,Tuban,7.4,284
2026-03-10 09:40:00,Pacitan,6.4,260
2026-03-10 09:40:00,Dhoho,8.6,162
2026-03-10 09:50:00,Juanda,0.9,317
2026-03-10 09:50:00,Perak,5.8,306
2026-03-10 09:50:00,Bawean,13.4,277
2026-03-10 09:50:00,Kalianget,4.5,312
2026-03-10 09:50:00,Banyuwangi,6.1,200
2026-03-10 09:50:00,KarangPloso,4.4,212
2026-03-10 09:50:00,Tretes,1.4,171
2026-03-10 09:50:00,KarangKates,3.9,228
2026-03-10 09:50:00,Sawahan,2.0,242
2026-03-10 09:50:00,Tuban,7.4,284
2026-03-10 09:50:00,Pacitan,6.4,260
2026-03-10 09:50:00,Dhoho,8.6,162
2026-03-10 10:00:00,Juanda,0.9,317
2026-03-10 10:00:00,Perak,5.8,306
2026-03-10 10:00:00,Bawean,13.4,277
2026-03-10 10:00:00,Kalianget,4.5,312
2026-03-10 10:00:00,Banyuwangi,6.1,200
2026-03-10 10:00:00,KarangPloso,4.4,212
2026-03-10 10:00:00,Tretes,1.4,171
2026-03-10 10:00:00,KarangKates,3.9,228
2026-03-10 10:00:00,Sawahan,2.0,242
2026-03-10 10:00:00,Tuban,7.4,284
2026-03-10 10:00:00,Pacitan,6.4,260
2026-03-10 10:00:00,Dhoho,8.6,162
2026-03-10 10:10:00,Juanda,0.9,317
2026-03-10 10:10:00,Perak,5.8,306
2026-03-10 10:10:00,Bawean,13.4,277
2026-03-10 10:10:00,Kalianget,4.5,312
2026-03-10 10:10:00,Banyuwangi,6.1,200
2026-03-10 10:10:00,KarangPloso,4.4,212
2026-03-10 10:10:00,Tretes,1.4,171
2026-03-10 10:10:00,KarangKates,3.9,228
2026-03-10 10:10:00,Sawahan,2.0,242
2026-03-10 10:10:00,Tuban,7.4,284
2026-03-10 10:10:00,Pacitan,6.4,260
2026-03-10 10:10:00,Dhoho,8.6,162
2026-03-10 10:20:00,Juanda,0.9,317
2026-03-10 10:20:00,Perak,5.8,306
2026-03-10 10:20:00,Bawean,13.4,277
2026-03-10 10:20:00,Kalianget,4.5,312
2026-03-10 10:20:00,Banyuwangi,6.1,200
2026-03-10 10:20:00,KarangPloso,4.4,212
2026-03-10 10:20:00,Tretes,1.4,171
2026-03-10 10:20:00,KarangKates,3.9,228
2026-03-10 10:20:00,Sawahan,2.0,242
2026-03-10 10:20:00,Tuban,7.4,284
2026-03-10 10:20:00,Pacitan,6.4,260
2026-03-10 10:20:00,Dhoho,8.6,162
2026-03-10 10:30:00,Juanda,5.0,10
2026-03-10 10:30:00,Perak,4.5,327
2026-03-10 10:30:00,Bawean,13.4,277
2026-03-10 10:30:00,Kalianget,3.8,320
2026-03-10 10:30:00,Banyuwangi,4.6,217
2026-03-10 10:30:00,KarangPloso,3.9,211
2026-03-10 10:30:00,Tretes,3.5,189
2026-03-10 10:30:00,KarangKates,3.9,228
2026-03-10 10:30:00,Sawahan,3.1,212
2026-03-10 10:30:00,Tuban,6.6,273
2026-03-10 10:30:00,Pacitan,4.9,269
2026-03-10 10:30:00,Dhoho,9.0,166
2026-03-10 10:40:00,Juanda,1.3,53
2026-03-10 10:40:00,Perak,4.0,10
2026-03-10 10:40:00,Bawean,14.2,281
2026-03-10 10:40:00,Kalianget,3.8,320
2026-03-10 10:40:00,Banyuwangi,4.6,217
2026-03-10 10:40:00,KarangPloso,3.9,211
2026-03-10 10:40:00,Tretes,3.5,189
2026-03-10 10:40:00,KarangKates,2.0,245
2026-03-10 10:40:00,Sawahan,3.1,212
2026-03-10 10:40:00,Tuban,6.6,273
2026-03-10 10:40:00,Pacitan,4.9,269
2026-03-10 10:40:00,Dhoho,9.0,166
2026-03-10 10:50:00,Juanda,1.3,53
2026-03-10 10:50:00,Perak,4.5,327
2026-03-10 10:50:00,Bawean,14.2,281
2026-03-10 10:50:00,Kalianget,3.8,320
2026-03-10 10:50:00,Banyuwangi,4.6,217
2026-03-10 10:50:00,KarangPloso,3.9,211
2026-03-10 10:50:00,Tretes,3.5,189
2026-03-10 10:50:00,KarangKates,2.0,245
2026-03-10 10:50:00,Sawahan,3.1,212
2026-03-10 10:50:00,Tuban,6.6,273
2026-03-10 10:50:00,Pacitan,4.9,269
2026-03-10 10:50:00,Dhoho,9.0,166
2026-03-10 11:00:00,Juanda,1.3,53
2026-03-10 11:00:00,Perak,4.5,327
2026-03-10 11:00:00,Bawean,14.2,281
2026-03-10 11:00:00,Kalianget,3.8,320
2026-03-10 11:00:00,Banyuwangi,4.6,217
2026-03-10 11:00:00,KarangPloso,3.9,211
2026-03-10 11:00:00,Tretes,3.5,189
2026-03-10 11:00:00,KarangKates,2.0,245
2026-03-10 11:00:00,Sawahan,3.1,212
2026-03-10 11:00:00,Tuban,6.6,273
2026-03-10 11:00:00,Pacitan,4.9,269
2026-03-10 11:00:00,Dhoho,9.0,166
2026-03-10 11:10:00,Juanda,6.0,330
2026-03-10 11:10:00,Perak,4.5,327
2026-03-10 11:10:00,Bawean,14.2,281
2026-03-10 11:10:00,Kalianget,3.8,320
2026-03-10 11:10:00,Banyuwangi,4.6,217
2026-03-10 11:10:00,KarangPloso,3.9,211
2026-03-10 11:10:00,Tretes,3.5,189
2026-03-10 11:10:00,KarangKates,2.0,245
2026-03-10 11:10:00,Sawahan,3.1,212
2026-03-10 11:10:00,Tuban,6.6,273
2026-03-10 11:10:00,Pacitan,4.9,269
2026-03-10 11:10:00,Dhoho,9.0,166
2026-03-10 11:20:00,Juanda,1.3,53
2026-03-10 11:20:00,Perak,4.5,327
2026-03-10 11:20:00,Bawean,14.2,281
2026-03-10 11:20:00,Kalianget,3.8,320
2026-03-10 11:20:00,Banyuwangi,4.6,217
2026-03-10 11:20:00,KarangPloso,3.9,211
2026-03-10 11:20:00,Tretes,3.5,189
2026-03-10 11:20:00,KarangKates,2.0,245
2026-03-10 11:20:00,Sawahan,3.1,212
2026-03-10 11:20:00,Tuban,6.6,273
2026-03-10 11:20:00,Pacitan,4.9,269
2026-03-10 11:20:00,Dhoho,9.0,166
2026-03-10 11:30:00,Juanda,1.7,81
2026-03-10 11:30:00,Perak,3.5,349
2026-03-10 11:30:00,Bawean,14.6,285
2026-03-10 11:30:00,Kalianget,4.5,302
2026-03-10 11:30:00,Banyuwangi,3.9,230
2026-03-10 11:30:00,KarangPloso,3.3,213
2026-03-10 11:30:00,Tretes,4.3,192
2026-03-10 11:30:00,KarangKates,1.2,288
2026-03-10 11:30:00,Sawahan,3.6,209
2026-03-10 11:30:00,Tuban,5.6,286
2026-03-10 11:30:00,Pacitan,5.0,277
2026-03-10 11:30:00,Dhoho,8.1,176
2026-03-10 11:40:00,Juanda,1.7,81
2026-03-10 11:40:00,Perak,3.5,349
2026-03-10 11:40:00,Bawean,14.6,285
2026-03-10 11:40:00,Kalianget,4.5,302
2026-03-10 11:40:00,Banyuwangi,3.9,230
2026-03-10 11:40:00,KarangPloso,3.3,213
2026-03-10 11:40:00,Tretes,4.3,192
2026-03-10 11:40:00,KarangKates,1.2,288
2026-03-10 11:40:00,Sawahan,3.6,209
2026-03-10 11:40:00,Tuban,5.6,286
2026-03-10 11:40:00,Pacitan,5.0,277
2026-03-10 11:40:00,Dhoho,8.1,176
2026-03-10 11:50:00,Juanda,1.3,53
2026-03-10 11:50:00,Perak,3.0,290
2026-03-10 11:50:00,Bawean,13.9,283
2026-03-10 11:50:00,Kalianget,5.1,309
2026-03-10 11:50:00,Banyuwangi,3.9,230
2026-03-10 11:50:00,KarangPloso,3.2,209
2026-03-10 11:50:00,Tretes,4.1,192
2026-03-10 11:50:00,KarangKates,1.2,288
2026-03-10 11:50:00,Sawahan,3.1,206
2026-03-10 11:50:00,Tuban,5.4,279
2026-03-10 11:50:00,Pacitan,5.0,279
2026-03-10 11:50:00,Dhoho,8.1,174
2026-03-10 12:00:00,Juanda,1.3,53
2026-03-10 12:00:00,Perak,3.6,338
2026-03-10 12:00:00,Bawean,13.9,283
2026-03-10 12:00:00,Kalianget,5.1,309
2026-03-10 12:00:00,Banyuwangi,3.6,232
2026-03-10 12:00:00,KarangPloso,3.2,209
2026-03-10 12:00:00,Tretes,4.1,192
2026-03-10 12:00:00,KarangKates,0.8,257
2026-03-10 12:00:00,Sawahan,3.1,206
2026-03-10 12:00:00,Tuban,5.4,279
2026-03-10 12:00:00,Pacitan,5.0,279
2026-03-10 12:00:00,Dhoho,8.1,174
2026-03-10 12:10:00,Juanda,1.3,53
2026-03-10 12:10:00,Perak,3.6,338
2026-03-10 12:10:00,Bawean,13.9,283
2026-03-10 12:10:00,Kalianget,5.1,309
2026-03-10 12:10:00,Banyuwangi,3.6,232
2026-03-10 12:10:00,KarangPloso,3.2,209
2026-03-10 12:10:00,Tretes,4.1,192
2026-03-10 12:10:00,KarangKates,0.8,257
2026-03-10 12:10:00,Sawahan,3.1,206
2026-03-10 12:10:00,Tuban,5.4,279
2026-03-10 12:10:00,Pacitan,5.0,279
2026-03-10 12:10:00,Dhoho,8.1,174
2026-03-10 12:20:00,Juanda,1.3,53
2026-03-10 12:20:00,Perak,3.6,338
2026-03-10 12:20:00,Bawean,13.9,283
2026-03-10 12:20:00,Kalianget,5.1,309
2026-03-10 12:20:00,Banyuwangi,3.6,232
2026-03-10 12:20:00,KarangPloso,3.2,209
2026-03-10 12:20:00,Tretes,4.1,192
2026-03-10 12:20:00,KarangKates,0.8,257
2026-03-10 12:20:00,Sawahan,3.1,206
2026-03-10 12:20:00,Tuban,5.4,279
2026-03-10 12:20:00,Pacitan,5.0,279
2026-03-10 12:20:00,Dhoho,8.1,174
2026-03-10 12:30:00,Juanda,0.4,77
2026-03-10 12:30:00,Perak,3.6,338
2026-03-10 12:30:00,Bawean,14.1,282
2026-03-10 12:30:00,Kalianget,5.7,292
2026-03-10 12:30:00,Banyuwangi,3.4,238
2026-03-10 12:30:00,KarangPloso,3.2,214
2026-03-10 12:30:00,Tretes,4.1,198
2026-03-10 12:30:00,KarangKates,1.0,268
2026-03-10 12:30:00,Sawahan,3.2,205
2026-03-10 12:30:00,Tuban,5.4,279
2026-03-10 12:30:00,Pacitan,4.3,274
2026-03-10 12:30:00,Dhoho,6.5,184
2026-03-10 12:40:00,Juanda,2.0,10
2026-03-10 12:40:00,Perak,2.6,329
2026-03-10 12:40:00,Bawean,14.1,282
2026-03-10 12:40:00,Kalianget,5.7,292
2026-03-10 12:40:00,Banyuwangi,3.4,238
2026-03-10 12:40:00,KarangPloso,3.2,214
2026-03-10 12:40:00,Tretes,4.1,198
2026-03-10 12:40:00,KarangKates,1.0,268
2026-03-10 12:40:00,Sawahan,3.2,205
2026-03-10 12:40:00,Tuban,4.6,272
2026-03-10 12:40:00,Pacitan,4.3,274
2026-03-10 12:40:00,Dhoho,6.5,184
2026-03-10 12:50:00,Juanda,0.4,77
2026-03-10 12:50:00,Perak,2.6,329
2026-03-10 12:50:00,Bawean,14.1,282
2026-03-10 12:50:00,Kalianget,5.7,292
2026-03-10 12:50:00,Banyuwangi,3.4,238
2026-03-10 12:50:00,KarangPloso,3.2,214
2026-03-10 12:50:00,Tretes,4.1,198
2026-03-10 12:50:00,KarangKates,1.0,268
2026-03-10 12:50:00,Sawahan,3.2,205
2026-03-10 12:50:00,Tuban,4.6,272
2026-03-10 12:50:00,Pacitan,4.3,274
2026-03-10 12:50:00,Dhoho,6.5,184
2026-03-10 13:00:00,Juanda,0.4,77
2026-03-10 13:00:00,Perak,2.6,329
2026-03-10 13:00:00,Bawean,14.1,282
2026-03-10 13:00:00,Kalianget,5.7,292
2026-03-10 13:00:00,Banyuwangi,3.4,238
2026-03-10 13:00:00,KarangPloso,3.2,214
2026-03-10 13:00:00,Tretes,4.1,198
2026-03-10 13:00:00,KarangKates,1.0,268
2026-03-10 13:00:00,Sawahan,3.2,205
2026-03-10 13:00:00,Tuban,4.6,272
2026-03-10 13:00:00,Pacitan,4.3,274
2026-03-10 13:00:00,Dhoho,6.5,184
2026-03-10 13:10:00,Juanda,0.4,77
2026-03-10 13:10:00,Perak,2.6,329
2026-03-10 13:10:00,Bawean,14.1,282
2026-03-10 13:10:00,Kalianget,5.7,292
2026-03-10 13:10:00,Banyuwangi,3.4,238
2026-03-10 13:10:00,KarangPloso,3.2,214
2026-03-10 13:10:00,Tretes,4.1,198
2026-03-10 13:10:00,KarangKates,1.0,268
2026-03-10 13:10:00,Sawahan,3.2,205
2026-03-10 13:10:00,Tuban,4.6,272
2026-03-10 13:10:00,Pacitan,4.3,274
2026-03-10 13:10:00,Dhoho,6.5,184
2026-03-10 13:20:00,Juanda,0.4,77
2026-03-10 13:20:00,Perak,2.6,329
2026-03-10 13:20:00,Bawean,14.1,282
2026-03-10 13:20:00,Kalianget,5.7,292
2026-03-10 13:20:00,Banyuwangi,3.4,238
2026-03-10 13:20:00,KarangPloso,3.2,214
2026-03-10 13:20:00,Tretes,4.1,198
2026-03-10 13:20:00,KarangKates,1.0,268
2026-03-10 13:20:00,Sawahan,3.2,205
2026-03-10 13:20:00,Tuban,4.6,272
2026-03-10 13:20:00,Pacitan,4.3,274
2026-03-10 13:20:00,Dhoho,6.5,184
2026-03-10 13:30:00,Juanda,0.4,77
2026-03-10 13:30:00,Perak,1.7,318
2026-03-10 13:30:00,Bawean,14.3,279
2026-03-10 13:30:00,Kalianget,5.7,292
2026-03-10 13:30:00,Banyuwangi,3.2,246
2026-03-10 13:30:00,KarangPloso,3.8,215
2026-03-10 13:30:00,Tretes,4.8,209
2026-03-10 13:30:00,KarangKates,0.9,327
2026-03-10 13:30:00,Sawahan,3.4,213
2026-03-10 13:30:00,Tuban,4.7,249
2026-03-10 13:30:00,Pacitan,5.0,311
2026-03-10 13:30:00,Dhoho,5.6,188
2026-03-10 13:40:00,Juanda,4.0,20
2026-03-10 13:40:00,Perak,4.0,20
2026-03-10 13:40:00,Bawean,14.3,279
2026-03-10 13:40:00,Kalianget,5.6,289
2026-03-10 13:40:00,Banyuwangi,3.2,246
2026-03-10 13:40:00,KarangPloso,3.8,215
2026-03-10 13:40:00,Tretes,4.8,209
2026-03-10 13:40:00,KarangKates,0.9,327
2026-03-10 13:40:00,Sawahan,3.4,213
2026-03-10 13:40:00,Tuban,4.7,249
2026-03-10 13:40:00,Pacitan,5.0,311
2026-03-10 13:40:00,Dhoho,5.6,188
2026-03-10 13:50:00,Juanda,0.6,140
2026-03-10 13:50:00,Perak,1.7,318
2026-03-10 13:50:00,Bawean,14.3,279
2026-03-10 13:50:00,Kalianget,5.6,289
2026-03-10 13:50:00,Banyuwangi,3.2,246
2026-03-10 13:50:00,KarangPloso,3.8,215
2026-03-10 13:50:00,Tretes,4.8,209
2026-03-10 13:50:00,KarangKates,0.9,327
2026-03-10 13:50:00,Sawahan,3.4,213
2026-03-10 13:50:00,Tuban,4.7,249
2026-03-10 13:50:00,Pacitan,5.0,311
2026-03-10 13:50:00,Dhoho,5.6,188
2026-03-10 14:00:00,Juanda,0.6,140
2026-03-10 14:00:00,Perak,1.7,318
2026-03-10 14:00:00,Bawean,14.3,279
2026-03-10 14:00:00,Kalianget,5.6,289
2026-03-10 14:00:00,Banyuwangi,3.2,246
2026-03-10 14:00:00,KarangPloso,3.8,215
2026-03-10 14:00:00,Tretes,4.8,209
2026-03-10 14:00:00,KarangKates,0.9,327
2026-03-10 14:00:00,Sawahan,3.4,213
2026-03-10 14:00:00,Tuban,4.7,249
2026-03-10 14:00:00,Pacitan,5.0,311
2026-03-10 14:00:00,Dhoho,5.6,188
2026-03-10 14:10:00,Juanda,0.6,140
2026-03-10 14:10:00,Perak,1.7,318
2026-03-10 14:10:00,Bawean,14.3,279
2026-03-10 14:10:00,Kalianget,5.6,289
2026-03-10 14:10:00,Banyuwangi,3.2,246
2026-03-10 14:10:00,KarangPloso,3.8,215
2026-03-10 14:10:00,Tretes,4.8,209
2026-03-10 14:10:00,KarangKates,0.9,327
2026-03-10 14:10:00,Sawahan,3.4,213
2026-03-10 14:10:00,Tuban,4.7,249
2026-03-10 14:10:00,Pacitan,5.0,311
2026-03-10 14:10:00,Dhoho,5.6,188
2026-03-10 14:20:00,Juanda,0.6,140
2026-03-10 14:20:00,Perak,1.7,318
2026-03-10 14:20:00,Bawean,14.3,279
2026-03-10 14:20:00,Kalianget,5.6,289
2026-03-10 14:20:00,Banyuwangi,3.2,246
2026-03-10 14:20:00,KarangPloso,3.8,215
2026-03-10 14:20:00,Tretes,4.8,209
2026-03-10 14:20:00,KarangKates,0.9,327
2026-03-10 14:20:00,Sawahan,3.4,213
2026-03-10 14:20:00,Tuban,4.7,249
2026-03-10 14:20:00,Pacitan,5.0,311
2026-03-10 14:20:00,Dhoho,5.6,188
2026-03-10 14:30:00,Juanda,0.6,140
2026-03-10 14:30:00,Perak,1.6,239
2026-03-10 14:30:00,Bawean,13.7,264
2026-03-10 14:30:00,Kalianget,5.5,281
2026-03-10 14:30:00,Banyuwangi,3.1,228
2026-03-10 14:30:00,KarangPloso,3.1,215
2026-03-10 14:30:00,Tretes,4.8,209
2026-03-10 14:30:00,KarangKates,0.9,327
2026-03-10 14:30:00,Sawahan,3.6,203
2026-03-10 14:30:00,Tuban,5.2,245
2026-03-10 14:30:00,Pacitan,5.0,311
2026-03-10 14:30:00,Dhoho,4.7,205
2026-03-10 14:40:00,Juanda,1.5,204
2026-03-10 14:40:00,Perak,1.6,239
2026-03-10 14:40:00,Bawean,13.7,264
2026-03-10 14:40:00,Kalianget,5.5,281
2026-03-10 14:40:00,Banyuwangi,3.1,228
2026-03-10 14:40:00,KarangPloso,3.1,215
2026-03-10 14:40:00,Tretes,4.6,215
2026-03-10 14:40:00,KarangKates,1.7,357
2026-03-10 14:40:00,Sawahan,3.6,203
2026-03-10 14:40:00,Tuban,5.2,245
2026-03-10 14:40:00,Pacitan,3.9,305
2026-03-10 14:40:00,Dhoho,4.7,205
2026-03-10 14:50:00,Juanda,1.5,204
2026-03-10 14:50:00,Perak,1.6,239
2026-03-10 14:50:00,Bawean,13.7,264
2026-03-10 14:50:00,Kalianget,5.5,281
2026-03-10 14:50:00,Banyuwangi,3.1,228
2026-03-10 14:50:00,KarangPloso,3.1,215
2026-03-10 14:50:00,Tretes,4.6,215
2026-03-10 14:50:00,KarangKates,1.7,357
2026-03-10 14:50:00,Sawahan,3.6,203
2026-03-10 14:50:00,Tuban,5.2,245
2026-03-10 14:50:00,Pacitan,3.9,305
2026-03-10 14:50:00,Dhoho,4.7,205
2026-03-10 15:00:00,Juanda,1.5,204
2026-03-10 15:00:00,Perak,1.6,239
2026-03-10 15:00:00,Bawean,13.7,264
2026-03-10 15:00:00,Kalianget,5.5,281
2026-03-10 15:00:00,Banyuwangi,3.1,228
2026-03-10 15:00:00,KarangPloso,3.1,215
2026-03-10 15:00:00,Tretes,4.6,215
2026-03-10 15:00:00,KarangKates,1.7,357
2026-03-10 15:00:00,Sawahan,3.6,203
2026-03-10 15:00:00,Tuban,5.2,245
2026-03-10 15:00:00,Pacitan,3.9,305
2026-03-10 15:00:00,Dhoho,4.7,205
2026-03-10 15:10:00,Juanda,1.5,204
2026-03-10 15:10:00,Perak,2.0,350
2026-03-10 15:10:00,Bawean,13.7,264
2026-03-10 15:10:00,Kalianget,5.5,281
2026-03-10 15:10:00,Banyuwangi,3.1,228
2026-03-10 15:10:00,KarangPloso,3.1,215
2026-03-10 15:10:00,Tretes,4.6,215
2026-03-10 15:10:00,KarangKates,1.7,357
2026-03-10 15:10:00,Sawahan,3.6,203
2026-03-10 15:10:00,Tuban,5.2,245
2026-03-10 15:10:00,Pacitan,3.9,305
2026-03-10 15:10:00,Dhoho,4.7,205
2026-03-10 15:20:00,Juanda,1.5,204
2026-03-10 15:20:00,Perak,1.6,239
2026-03-10 15:20:00,Bawean,13.7,264
2026-03-10 15:20:00,Kalianget,5.5,281
2026-03-10 15:20:00,Banyuwangi,3.1,228
2026-03-10 15:20:00,KarangPloso,3.1,215
2026-03-10 15:20:00,Tretes,4.6,215
2026-03-10 15:20:00,KarangKates,1.7,357
2026-03-10 15:20:00,Sawahan,3.6,203
2026-03-10 15:20:00,Tuban,5.2,245
2026-03-10 15:20:00,Pacitan,3.9,305
2026-03-10 15:20:00,Dhoho,4.7,205
2026-03-10 15:30:00,Juanda,2.0,350
2026-03-10 15:30:00,Perak,1.6,239
2026-03-10 15:30:00,Bawean,15.3,260
2026-03-10 15:30:00,Kalianget,4.9,280
2026-03-10 15:30:00,Banyuwangi,2.8,230
2026-03-10 15:30:00,KarangPloso,3.1,215
2026-03-10 15:30:00,Tretes,4.6,216
2026-03-10 15:30:00,KarangKates,1.7,357
2026-03-10 15:30:00,Sawahan,3.3,201
2026-03-10 15:30:00,Tuban,8.7,249
2026-03-10 15:30:00,Pacitan,4.6,296
2026-03-10 15:30:00,Dhoho,4.6,206
2026-03-10 15:40:00,Juanda,2.9,224
2026-03-10 15:40:00,Perak,3.1,216
2026-03-10 15:40:00,Bawean,15.3,260
2026-03-10 15:40:00,Kalianget,4.9,280
2026-03-10 15:40:00,Banyuwangi,2.8,230
2026-03-10 15:40:00,KarangPloso,3.6,213
2026-03-10 15:40:00,Tretes,4.6,216
2026-03-10 15:40:00,KarangKates,1.3,19
2026-03-10 15:40:00,Sawahan,3.3,201
2026-03-10 15:40:00,Tuban,8.7,249
2026-03-10 15:40:00,Pacitan,4.6,296
2026-03-10 15:40:00,Dhoho,4.6,206
2026-03-10 15:50:00,Juanda,2.9,224
2026-03-10 15:50:00,Perak,3.1,216
2026-03-10 15:50:00,Bawean,15.3,260
2026-03-10 15:50:00,Kalianget,4.9,280
2026-03-10 15:50:00,Banyuwangi,2.8,230
2026-03-10 15:50:00,KarangPloso,3.6,213
2026-03-10 15:50:00,Tretes,4.6,216
2026-03-10 15:50:00,KarangKates,1.3,19
2026-03-10 15:50:00,Sawahan,3.3,201
2026-03-10 15:50:00,Tuban,8.7,249
2026-03-10 15:50:00,Pacitan,4.6,296
2026-03-10 15:50:00,Dhoho,4.6,206
2026-03-10 16:00:00,Juanda,2.9,224
2026-03-10 16:00:00,Perak,3.1,216
2026-03-10 16:00:00,Bawean,15.3,260
2026-03-10 16:00:00,Kalianget,4.9,280
2026-03-10 16:00:00,Banyuwangi,2.8,230
2026-03-10 16:00:00,KarangPloso,3.6,213
2026-03-10 16:00:00,Tretes,4.6,216
2026-03-10 16:00:00,KarangKates,1.3,19
2026-03-10 16:00:00,Sawahan,3.3,201
2026-03-10 16:00:00,Tuban,8.7,249
2026-03-10 16:00:00,Pacitan,4.6,296
2026-03-10 16:00:00,Dhoho,4.6,206
2026-03-10 16:10:00,Juanda,2.9,224
2026-03-10 16:10:00,Perak,3.1,216
2026-03-10 16:10:00,Bawean,15.3,260
2026-03-10 16:10:00,Kalianget,4.9,280
2026-03-10 16:10:00,Banyuwangi,2.8,230
2026-03-10 16:10:00,KarangPloso,3.6,213
2026-03-10 16:10:00,Tretes,4.6,216
2026-03-10 16:10:00,KarangKates,1.3,19
2026-03-10 16:10:00,Sawahan,3.3,201
2026-03-10 16:10:00,Tuban,8.7,249
2026-03-10 16:10:00,Pacitan,4.6,296
2026-03-10 16:10:00,Dhoho,4.6,206
2026-03-10 16:20:00,Juanda,2.9,224
2026-03-10 16:20:00,Perak,3.1,216
2026-03-10 16:20:00,Bawean,15.3,260
2026-03-10 16:20:00,Kalianget,4.9,280
2026-03-10 16:20:00,Banyuwangi,2.8,230
2026-03-10 16:20:00,KarangPloso,3.6,213
2026-03-10 16:20:00,Tretes,4.6,216
2026-03-10 16:20:00,KarangKates,1.3,19
2026-03-10 16:20:00,Sawahan,3.3,201
2026-03-10 16:20:00,Tuban,8.7,249
2026-03-10 16:20:00,Pacitan,4.6,296
2026-03-10 16:20:00,Dhoho,4.6,206
2026-03-10 16:30:00,Juanda,2.9,224
2026-03-10 16:30:00,Perak,4.4,235
2026-03-10 16:30:00,Bawean,17.5,257
2026-03-10 16:30:00,Kalianget,4.9,280
2026-03-10 16:30:00,Banyuwangi,3.2,231
2026-03-10 16:30:00,KarangPloso,3.9,210
2026-03-10 16:30:00,Tretes,4.8,215
2026-03-10 16:30:00,KarangKates,2.0,39
2026-03-10 16:30:00,Sawahan,3.3,201
2026-03-10 16:30:00,Tuban,8.3,229
2026-03-10 16:30:00,Pacitan,4.6,296
2026-03-10 16:30:00,Dhoho,3.7,213
2026-03-10 16:40:00,Juanda,4.0,242
2026-03-10 16:40:00,Perak,4.4,235
2026-03-10 16:40:00,Bawean,17.5,257
2026-03-10 16:40:00,Kalianget,5.3,285
2026-03-10 16:40:00,Banyuwangi,3.2,231
2026-03-10 16:40:00,KarangPloso,3.9,210
2026-03-10 16:40:00,Tretes,4.8,215
2026-03-10 16:40:00,KarangKates,2.0,39
2026-03-10 16:40:00,Sawahan,3.1,204
2026-03-10 16:40:00,Tuban,8.3,229
2026-03-10 16:40:00,Pacitan,4.9,297
2026-03-10 16:40:00,Dhoho,3.7,213
2026-03-10 16:50:00,Juanda,4.0,242
2026-03-10 16:50:00,Perak,4.4,235
2026-03-10 16:50:00,Bawean,17.5,257
2026-03-10 16:50:00,Kalianget,5.3,285
2026-03-10 16:50:00,Banyuwangi,3.2,231
2026-03-10 16:50:00,KarangPloso,3.9,210
2026-03-10 16:50:00,Tretes,4.8,215
2026-03-10 16:50:00,KarangKates,2.0,39
2026-03-10 16:50:00,Sawahan,3.1,204
2026-03-10 16:50:00,Tuban,8.3,229
2026-03-10 16:50:00,Pacitan,4.9,297
2026-03-10 16:50:00,Dhoho,3.7,213
2026-03-10 17:00:00,Juanda,4.0,242
2026-03-10 17:00:00,Perak,4.4,235
2026-03-10 17:00:00,Bawean,17.5,257
2026-03-10 17:00:00,Kalianget,5.3,285
2026-03-10 17:00:00,Banyuwangi,3.2,231
2026-03-10 17:00:00,KarangPloso,3.9,210
2026-03-10 17:00:00,Tretes,4.8,215
2026-03-10 17:00:00,KarangKates,2.0,39
2026-03-10 17:00:00,Sawahan,3.1,204
2026-03-10 17:00:00,Tuban,8.3,229
2026-03-10 17:00:00,Pacitan,4.9,297
2026-03-10 17:00:00,Dhoho,3.7,213
2026-03-10 17:10:00,Juanda,4.0,242
2026-03-10 17:10:00,Perak,4.0,300
2026-03-10 17:10:00,Bawean,17.5,257
2026-03-10 17:10:00,Kalianget,5.3,285
2026-03-10 17:10:00,Banyuwangi,3.2,231
2026-03-10 17:10:00,KarangPloso,3.9,210
2026-03-10 17:10:00,Tretes,4.8,215
2026-03-10 17:10:00,KarangKates,2.0,39
2026-03-10 17:10:00,Sawahan,3.1,204
2026-03-10 17:10:00,Tuban,8.3,229
2026-03-10 17:10:00,Pacitan,4.9,297
2026-03-10 17:10:00,Dhoho,3.7,213
2026-03-10 17:20:00,Juanda,4.0,242
2026-03-10 17:20:00,Perak,4.4,235
2026-03-10 17:20:00,Bawean,17.5,257
2026-03-10 17:20:00,Kalianget,5.3,285
2026-03-10 17:20:00,Banyuwangi,3.2,231
2026-03-10 17:20:00,KarangPloso,3.9,210
2026-03-10 17:20:00,Tretes,4.8,215
2026-03-10 17:20:00,KarangKates,2.0,39
2026-03-10 17:20:00,Sawahan,3.1,204
2026-03-10 17:20:00,Tuban,8.3,229
2026-03-10 17:20:00,Pacitan,4.9,297
2026-03-10 17:20:00,Dhoho,3.7,213
2026-03-10 17:30:00,Juanda,4.0,242
2026-03-10 17:30:00,Perak,4.3,239
2026-03-10 17:30:00,Bawean,17.6,252
2026-03-10 17:30:00,Kalianget,5.7,285
2026-03-10 17:30:00,Banyuwangi,3.4,226
2026-03-10 17:30:00,KarangPloso,4.0,212
2026-03-10 17:30:00,Tretes,4.8,215
2026-03-10 17:30:00,KarangKates,2.0,39
2026-03-10 17:30:00,Sawahan,3.4,199
2026-03-10 17:30:00,Tuban,8.3,229
2026-03-10 17:30:00,Pacitan,4.9,297
2026-03-10 17:30:00,Dhoho,4.1,220
2026-03-10 17:40:00,Juanda,4.0,250
2026-03-10 17:40:00,Perak,4.3,239
2026-03-10 17:40:00,Bawean,17.6,252
2026-03-10 17:40:00,Kalianget,5.7,285
2026-03-10 17:40:00,Banyuwangi,3.4,226
2026-03-10 17:40:00,KarangPloso,4.0,212
2026-03-10 17:40:00,Tretes,4.8,213
2026-03-10 17:40:00,KarangKates,1.3,14
2026-03-10 17:40:00,Sawahan,3.4,199
2026-03-10 17:40:00,Tuban,9.8,244
2026-03-10 17:40:00,Pacitan,4.9,303
2026-03-10 17:40:00,Dhoho,4.1,220
2026-03-10 17:50:00,Juanda,4.0,250
2026-03-10 17:50:00,Perak,4.3,239
2026-03-10 17:50:00,Bawean,17.6,252
2026-03-10 17:50:00,Kalianget,5.7,285
2026-03-10 17:50:00,Banyuwangi,3.4,226
2026-03-10 17:50:00,KarangPloso,4.0,212
2026-03-10 17:50:00,Tretes,4.8,213
2026-03-10 17:50:00,KarangKates,1.3,14
2026-03-10 17:50:00,Sawahan,3.4,199
2026-03-10 17:50:00,Tuban,9.8,244
2026-03-10 17:50:00,Pacitan,4.9,303
2026-03-10 17:50:00,Dhoho,4.1,220
2026-03-10 18:00:00,Juanda,4.0,250
2026-03-10 18:00:00,Perak,4.3,239
2026-03-10 18:00:00,Bawean,17.6,252
2026-03-10 18:00:00,Kalianget,5.7,285
2026-03-10 18:00:00,Banyuwangi,3.4,226
2026-03-10 18:00:00,KarangPloso,4.0,212
2026-03-10 18:00:00,Tretes,4.8,213
2026-03-10 18:00:00,KarangKates,1.3,14
2026-03-10 18:00:00,Sawahan,3.4,199
2026-03-10 18:00:00,Tuban,9.8,244
2026-03-10 18:00:00,Pacitan,4.9,303
2026-03-10 18:00:00,Dhoho,4.1,220
2026-03-10 18:10:00,Juanda,4.0,250
2026-03-10 18:10:00,Perak,4.3,239
2026-03-10 18:10:00,Bawean,17.6,252
2026-03-10 18:10:00,Kalianget,5.7,285
2026-03-10 18:10:00,Banyuwangi,3.4,226
2026-03-10 18:10:00,KarangPloso,4.0,212
2026-03-10 18:10:00,Tretes,4.8,213
2026-03-10 18:10:00,KarangKates,1.3,14
2026-03-10 18:10:00,Sawahan,3.4,199
2026-03-10 18:10:00,Tuban,9.8,244
2026-03-10 18:10:00,Pacitan,4.9,303
2026-03-10 18:10:00,Dhoho,4.1,220
2026-03-10 18:20:00,Juanda,4.0,250
2026-03-10 18:20:00,Perak,4.3,239
2026-03-10 18:20:00,Bawean,17.6,252
2026-03-10 18:20:00,Kalianget,5.7,285
2026-03-10 18:20:00,Banyuwangi,3.4,226
2026-03-10 18:20:00,KarangPloso,4.0,212
2026-03-10 18:20:00,Tretes,4.8,213
2026-03-10 18:20:00,KarangKates,1.3,14
2026-03-10 18:20:00,Sawahan,3.4,199
2026-03-10 18:20:00,Tuban,9.8,244
2026-03-10 18:20:00,Pacitan,4.9,303
2026-03-10 18:20:00,Dhoho,4.1,220
2026-03-10 18:30:00,Juanda,2.5,269
2026-03-10 18:30:00,Perak,4.3,239
2026-03-10 18:30:00,Bawean,17.0,249
2026-03-10 18:30:00,Kalianget,4.3,275
2026-03-10 18:30:00,Banyuwangi,4.4,222
2026-03-10 18:30:00,KarangPloso,4.0,212
2026-03-10 18:30:00,Tretes,4.8,213
2026-03-10 18:30:00,KarangKates,1.6,27
2026-03-10 18:30:00,Sawahan,3.7,193
2026-03-10 18:30:00,Tuban,9.8,244
2026-03-10 18:30:00,Pacitan,5.9,294
2026-03-10 18:30:00,Dhoho,4.4,198
2026-03-10 18:40:00,Juanda,2.5,269
2026-03-10 18:40:00,Perak,3.0,310
2026-03-10 18:40:00,Bawean,17.0,249
2026-03-10 18:40:00,Kalianget,4.3,275
2026-03-10 18:40:00,Banyuwangi,4.4,222
2026-03-10 18:40:00,KarangPloso,5.2,217
2026-03-10 18:40:00,Tretes,4.9,210
2026-03-10 18:40:00,KarangKates,1.6,27
2026-03-10 18:40:00,Sawahan,3.7,193
2026-03-10 18:40:00,Tuban,10.6,261
2026-03-10 18:40:00,Pacitan,5.9,294
2026-03-10 18:40:00,Dhoho,4.4,198
2026-03-10 18:50:00,Juanda,2.5,269
2026-03-10 18:50:00,Perak,3.0,310
2026-03-10 18:50:00,Bawean,17.0,249
2026-03-10 18:50:00,Kalianget,4.3,275
2026-03-10 18:50:00,Banyuwangi,4.4,222
2026-03-10 18:50:00,KarangPloso,5.2,217
2026-03-10 18:50:00,Tretes,4.9,210
2026-03-10 18:50:00,KarangKates,1.6,27
2026-03-10 18:50:00,Sawahan,3.7,193
2026-03-10 18:50:00,Tuban,10.6,261
2026-03-10 18:50:00,Pacitan,5.9,294
2026-03-10 18:50:00,Dhoho,4.4,198
2026-03-10 19:00:00,Juanda,2.5,269
2026-03-10 19:00:00,Perak,5.4,265
2026-03-10 19:00:00,Bawean,17.0,249
2026-03-10 19:00:00,Kalianget,4.3,275
2026-03-10 19:00:00,Banyuwangi,4.4,222
2026-03-10 19:00:00,KarangPloso,5.2,217
2026-03-10 19:00:00,Tretes,4.9,210
2026-03-10 19:00:00,KarangKates,1.6,27
2026-03-10 19:00:00,Sawahan,3.7,193
2026-03-10 19:00:00,Tuban,10.6,261
2026-03-10 19:00:00,Pacitan,5.9,294
2026-03-10 19:00:00,Dhoho,4.4,198
2026-03-10 19:10:00,Juanda,2.5,269
2026-03-10 19:10:00,Perak,5.4,265
2026-03-10 19:10:00,Bawean,17.0,249
2026-03-10 19:10:00,Kalianget,4.3,275
2026-03-10 19:10:00,Banyuwangi,4.4,222
2026-03-10 19:10:00,KarangPloso,5.2,217
2026-03-10 19:10:00,Tretes,4.9,210
2026-03-10 19:10:00,KarangKates,1.6,27
2026-03-10 19:10:00,Sawahan,3.7,193
2026-03-10 19:10:00,Tuban,10.6,261
2026-03-10 19:10:00,Pacitan,5.9,294
2026-03-10 19:10:00,Dhoho,4.4,198
2026-03-10 19:20:00,Juanda,2.5,269
2026-03-10 19:20:00,Perak,5.4,265
2026-03-10 19:20:00,Bawean,17.0,249
2026-03-10 19:20:00,Kalianget,4.3,275
2026-03-10 19:20:00,Banyuwangi,4.4,222
2026-03-10 19:20:00,KarangPloso,5.2,217
2026-03-10 19:20:00,Tretes,4.9,210
2026-03-10 19:20:00,KarangKates,1.6,27
2026-03-10 19:20:00,Sawahan,3.7,193
2026-03-10 19:20:00,Tuban,10.6,261
2026-03-10 19:20:00,Pacitan,5.9,294
2026-03-10 19:20:00,Dhoho,4.4,198
2026-03-10 19:30:00,Juanda,3.1,266
2026-03-10 19:30:00,Perak,6.2,263
2026-03-10 19:30:00,Bawean,16.2,243
2026-03-10 19:30:00,Kalianget,3.9,250
2026-03-10 19:30:00,Banyuwangi,4.4,222
2026-03-10 19:30:00,KarangPloso,5.5,219
2026-03-10 19:30:00,Tretes,4.9,210
2026-03-10 19:30:00,KarangKates,2.1,25
2026-03-10 19:30:00,Sawahan,4.1,196
2026-03-10 19:30:00,Tuban,8.6,251
2026-03-10 19:30:00,Pacitan,5.9,294
2026-03-10 19:30:00,Dhoho,5.0,190
2026-03-10 19:40:00,Juanda,3.1,266
2026-03-10 19:40:00,Perak,6.2,263
2026-03-10 19:40:00,Bawean,16.2,243
2026-03-10 19:40:00,Kalianget,3.9,250
2026-03-10 19:40:00,Banyuwangi,4.3,224
2026-03-10 19:40:00,KarangPloso,5.5,219
2026-03-10 19:40:00,Tretes,4.2,210
2026-03-10 19:40:00,KarangKates,2.1,25
2026-03-10 19:40:00,Sawahan,4.1,196
2026-03-10 19:40:00,Tuban,8.6,251
2026-03-10 19:40:00,Pacitan,5.1,301
2026-03-10 19:40:00,Dhoho,5.0,190
2026-03-10 19:50:00,Juanda,3.1,266
2026-03-10 19:50:00,Perak,6.2,263
2026-03-10 19:50:00,Bawean,16.2,243
2026-03-10 19:50:00,Kalianget,3.9,250
2026-03-10 19:50:00,Banyuwangi,4.3,224
2026-03-10 19:50:00,KarangPloso,5.5,219
2026-03-10 19:50:00,Tretes,4.2,210
2026-03-10 19:50:00,KarangKates,2.1,25
2026-03-10 19:50:00,Sawahan,4.1,196
2026-03-10 19:50:00,Tuban,8.6,251
2026-03-10 19:50:00,Pacitan,5.1,301
2026-03-10 19:50:00,Dhoho,5.0,190
2026-03-10 20:00:00,Juanda,3.0,300
2026-03-10 20:00:00,Perak,6.2,263
2026-03-10 20:00:00,Bawean,16.2,243
2026-03-10 20:00:00,Kalianget,3.9,250
2026-03-10 20:00:00,Banyuwangi,4.3,224
2026-03-10 20:00:00,KarangPloso,5.5,219
2026-03-10 20:00:00,Tretes,4.2,210
2026-03-10 20:00:00,KarangKates,2.1,25
2026-03-10 20:00:00,Sawahan,4.1,196
2026-03-10 20:00:00,Tuban,8.6,251
2026-03-10 20:00:00,Pacitan,5.1,301
2026-03-10 20:00:00,Dhoho,5.0,190
2026-03-10 20:10:00,Juanda,3.0,280
2026-03-10 20:10:00,Perak,6.2,263
2026-03-10 20:10:00,Bawean,16.2,243
2026-03-10 20:10:00,Kalianget,3.9,250
2026-03-10 20:10:00,Banyuwangi,4.3,224
2026-03-10 20:10:00,KarangPloso,5.5,219
2026-03-10 20:10:00,Tretes,4.2,210
2026-03-10 20:10:00,KarangKates,2.1,25
2026-03-10 20:10:00,Sawahan,4.1,196
2026-03-10 20:10:00,Tuban,8.6,251
2026-03-10 20:10:00,Pacitan,5.1,301
2026-03-10 20:10:00,Dhoho,5.0,190
2026-03-10 20:20:00,Juanda,3.1,266
2026-03-10 20:20:00,Perak,6.2,263
2026-03-10 20:20:00,Bawean,16.2,243
2026-03-10 20:20:00,Kalianget,3.9,250
2026-03-10 20:20:00,Banyuwangi,4.3,224
2026-03-10 20:20:00,KarangPloso,5.5,219
2026-03-10 20:20:00,Tretes,4.2,210
2026-03-10 20:20:00,KarangKates,2.1,25
2026-03-10 20:20:00,Sawahan,4.1,196
2026-03-10 20:20:00,Tuban,8.6,251
2026-03-10 20:20:00,Pacitan,5.1,301
2026-03-10 20:20:00,Dhoho,5.0,190
2026-03-10 20:30:00,Juanda,3.1,257
2026-03-10 20:30:00,Perak,5.5,262
2026-03-10 20:30:00,Bawean,12.6,255
2026-03-10 20:30:00,Kalianget,4.7,242
2026-03-10 20:30:00,Banyuwangi,4.3,218
2026-03-10 20:30:00,KarangPloso,5.5,219
2026-03-10 20:30:00,Tretes,4.9,206
2026-03-10 20:30:00,KarangKates,2.4,28
2026-03-10 20:30:00,Sawahan,3.8,195
2026-03-10 20:30:00,Tuban,9.6,236
2026-03-10 20:30:00,Pacitan,5.0,302
2026-03-10 20:30:00,Dhoho,5.0,195
2026-03-10 20:40:00,Juanda,3.1,257
2026-03-10 20:40:00,Perak,5.5,262
2026-03-10 20:40:00,Bawean,12.6,255
2026-03-10 20:40:00,Kalianget,4.7,242
2026-03-10 20:40:00,Banyuwangi,4.3,218
2026-03-10 20:40:00,KarangPloso,5.4,219
2026-03-10 20:40:00,Tretes,4.9,206
2026-03-10 20:40:00,KarangKates,2.4,28
2026-03-10 20:40:00,Sawahan,3.8,195
2026-03-10 20:40:00,Tuban,9.6,236
2026-03-10 20:40:00,Pacitan,5.0,302
2026-03-10 20:40:00,Dhoho,5.0,195
2026-03-10 20:50:00,Juanda,3.1,257
2026-03-10 20:50:00,Perak,5.5,262
2026-03-10 20:50:00,Bawean,12.6,255
2026-03-10 20:50:00,Kalianget,4.7,242
2026-03-10 20:50:00,Banyuwangi,4.3,218
2026-03-10 20:50:00,KarangPloso,5.4,219
2026-03-10 20:50:00,Tretes,4.9,206
2026-03-10 20:50:00,KarangKates,2.4,28
2026-03-10 20:50:00,Sawahan,3.8,195
2026-03-10 20:50:00,Tuban,9.6,236
2026-03-10 20:50:00,Pacitan,5.0,302
2026-03-10 20:50:00,Dhoho,5.0,195
2026-03-10 21:00:00,Juanda,3.1,257
2026-03-10 21:00:00,Perak,5.5,262
2026-03-10 21:00:00,Bawean,12.6,255
2026-03-10 21:00:00,Kalianget,4.7,242
2026-03-10 21:00:00,Banyuwangi,4.3,218
2026-03-10 21:00:00,KarangPloso,5.4,219
2026-03-10 21:00:00,Tretes,4.9,206
2026-03-10 21:00:00,KarangKates,2.4,28
2026-03-10 21:00:00,Sawahan,3.8,195
2026-03-10 21:00:00,Tuban,9.6,236
2026-03-10 21:00:00,Pacitan,5.0,302
2026-03-10 21:00:00,Dhoho,5.0,195
2026-03-10 21:10:00,Juanda,3.1,257
2026-03-10 21:10:00,Perak,4.0,320
2026-03-10 21:10:00,Bawean,12.6,255
2026-03-10 21:10:00,Kalianget,4.7,242
2026-03-10 21:10:00,Banyuwangi,4.3,218
2026-03-10 21:10:00,KarangPloso,5.4,219
2026-03-10 21:10:00,Tretes,4.9,206
2026-03-10 21:10:00,KarangKates,2.4,28
2026-03-10 21:10:00,Sawahan,3.8,195
2026-03-10 21:10:00,Tuban,9.6,236
2026-03-10 21:10:00,Pacitan,5.0,302
2026-03-10 21:10:00,Dhoho,5.0,195
2026-03-10 21:20:00,Juanda,3.1,257
2026-03-10 21:20:00,Perak,5.5,262
2026-03-10 21:20:00,Bawean,12.6,255
2026-03-10 21:20:00,Kalianget,4.7,242
2026-03-10 21:20:00,Banyuwangi,4.3,218
2026-03-10 21:20:00,KarangPloso,5.4,219
2026-03-10 21:20:00,Tretes,4.9,206
2026-03-10 21:20:00,KarangKates,2.4,28
2026-03-10 21:20:00,Sawahan,3.8,195
2026-03-10 21:20:00,Tuban,9.6,236
2026-03-10 21:20:00,Pacitan,5.0,302
2026-03-10 21:20:00,Dhoho,5.0,195
2026-03-10 21:30:00,Juanda,3.1,257
2026-03-10 21:30:00,Perak,5.5,262
2026-03-10 21:30:00,Bawean,12.2,262
2026-03-10 21:30:00,Kalianget,5.7,243
2026-03-10 21:30:00,Banyuwangi,4.4,225
2026-03-10 21:30:00,KarangPloso,5.3,213
2026-03-10 21:30:00,Tretes,4.9,206
2026-03-10 21:30:00,KarangKates,2.4,26
2026-03-10 21:30:00,Sawahan,3.5,194
2026-03-10 21:30:00,Tuban,9.6,236
2026-03-10 21:30:00,Pacitan,5.3,311
2026-03-10 21:30:00,Dhoho,5.3,194
2026-03-10 21:40:00,Juanda,1.7,224
2026-03-10 21:40:00,Perak,3.8,255
2026-03-10 21:40:00,Bawean,12.2,262
2026-03-10 21:40:00,Kalianget,5.7,243
2026-03-10 21:40:00,Banyuwangi,4.4,225
2026-03-10 21:40:00,KarangPloso,5.3,213
2026-03-10 21:40:00,Tretes,5.2,201
2026-03-10 21:40:00,KarangKates,2.4,26
2026-03-10 21:40:00,Sawahan,3.5,194
2026-03-10 21:40:00,Tuban,8.8,227
2026-03-10 21:40:00,Pacitan,5.3,311
2026-03-10 21:40:00,Dhoho,5.3,194
2026-03-10 21:50:00,Juanda,1.7,224
2026-03-10 21:50:00,Perak,3.8,255
2026-03-10 21:50:00,Bawean,12.2,262
2026-03-10 21:50:00,Kalianget,5.7,243
2026-03-10 21:50:00,Banyuwangi,4.4,225
2026-03-10 21:50:00,KarangPloso,5.3,213
2026-03-10 21:50:00,Tretes,5.2,201
2026-03-10 21:50:00,KarangKates,2.4,26
2026-03-10 21:50:00,Sawahan,3.5,194
2026-03-10 21:50:00,Tuban,8.8,227
2026-03-10 21:50:00,Pacitan,5.3,311
2026-03-10 21:50:00,Dhoho,5.3,194
2026-03-10 22:00:00,Juanda,1.7,224
2026-03-10 22:00:00,Perak,3.8,255
2026-03-10 22:00:00,Bawean,12.2,262
2026-03-10 22:00:00,Kalianget,5.7,243
2026-03-10 22:00:00,Banyuwangi,4.4,225
2026-03-10 22:00:00,KarangPloso,5.3,213
2026-03-10 22:00:00,Tretes,5.2,201
2026-03-10 22:00:00,KarangKates,2.4,26
2026-03-10 22:00:00,Sawahan,3.5,194
2026-03-10 22:00:00,Tuban,8.8,227
2026-03-10 22:00:00,Pacitan,5.3,311
2026-03-10 22:00:00,Dhoho,5.3,194
2026-03-10 22:10:00,Juanda,2.0,0
2026-03-10 22:10:00,Perak,3.8,255
2026-03-10 22:10:00,Bawean,12.2,262
2026-03-10 22:10:00,Kalianget,5.7,243
2026-03-10 22:10:00,Banyuwangi,4.4,225
2026-03-10 22:10:00,KarangPloso,5.3,213
2026-03-10 22:10:00,Tretes,5.2,201
2026-03-10 22:10:00,KarangKates,2.4,26
2026-03-10 22:10:00,Sawahan,3.5,194
2026-03-10 22:10:00,Tuban,8.8,227
2026-03-10 22:10:00,Pacitan,5.3,311
2026-03-10 22:10:00,Dhoho,5.3,194
2026-03-10 22:20:00,Juanda,1.7,224
2026-03-10 22:20:00,Perak,3.8,255
2026-03-10 22:20:00,Bawean,12.2,262
2026-03-10 22:20:00,Kalianget,5.7,243
2026-03-10 22:20:00,Banyuwangi,4.4,225
2026-03-10 22:20:00,KarangPloso,5.3,213
2026-03-10 22:20:00,Tretes,5.2,201
2026-03-10 22:20:00,KarangKates,2.4,26
2026-03-10 22:20:00,Sawahan,3.5,194
2026-03-10 22:20:00,Tuban,8.8,227
2026-03-10 22:20:00,Pacitan,5.3,311
2026-03-10 22:20:00,Dhoho,5.3,194
2026-03-10 22:30:00,Juanda,1.7,196
2026-03-10 22:30:00,Perak,3.8,255
2026-03-10 22:30:00,Bawean,15.4,249
2026-03-10 22:30:00,Kalianget,5.5,248
2026-03-10 22:30:00,Banyuwangi,4.3,225
2026-03-10 22:30:00,KarangPloso,5.3,213
2026-03-10 22:30:00,Tretes,5.2,203
2026-03-10 22:30:00,KarangKates,2.6,19
2026-03-10 22:30:00,Sawahan,3.6,190
2026-03-10 22:30:00,Tuban,7.7,235
2026-03-10 22:30:00,Pacitan,5.1,318
2026-03-10 22:30:00,Dhoho,5.9,193
2026-03-10 22:40:00,Juanda,1.7,196
2026-03-10 22:40:00,Perak,2.8,253
2026-03-10 22:40:00,Bawean,15.4,249
2026-03-10 22:40:00,Kalianget,5.5,248
2026-03-10 22:40:00,Banyuwangi,4.3,225
2026-03-10 22:40:00,KarangPloso,4.7,212
2026-03-10 22:40:00,Tretes,5.2,203
2026-03-10 22:40:00,KarangKates,2.6,19
2026-03-10 22:40:00,Sawahan,3.6,190
2026-03-10 22:40:00,Tuban,7.7,235
2026-03-10 22:40:00,Pacitan,5.1,318
2026-03-10 22:40:00,Dhoho,5.9,193
2026-03-10 22:50:00,Juanda,1.7,196
2026-03-10 22:50:00,Perak,2.8,253
2026-03-10 22:50:00,Bawean,15.4,249
2026-03-10 22:50:00,Kalianget,5.5,248
2026-03-10 22:50:00,Banyuwangi,4.3,225
2026-03-10 22:50:00,KarangPloso,4.7,212
2026-03-10 22:50:00,Tretes,5.2,203
2026-03-10 22:50:00,KarangKates,2.6,19
2026-03-10 22:50:00,Sawahan,3.6,190
2026-03-10 22:50:00,Tuban,7.7,235
2026-03-10 22:50:00,Pacitan,5.1,318
2026-03-10 22:50:00,Dhoho,5.9,193
2026-03-10 23:00:00,Juanda,1.7,196
2026-03-10 23:00:00,Perak,2.0,0
2026-03-10 23:00:00,Bawean,15.4,249
2026-03-10 23:00:00,Kalianget,5.5,248
2026-03-10 23:00:00,Banyuwangi,4.3,225
2026-03-10 23:00:00,KarangPloso,4.7,212
2026-03-10 23:00:00,Tretes,5.2,203
2026-03-10 23:00:00,KarangKates,2.6,19
2026-03-10 23:00:00,Sawahan,3.6,190
2026-03-10 23:00:00,Tuban,7.7,235
2026-03-10 23:00:00,Pacitan,5.1,318
2026-03-10 23:00:00,Dhoho,5.9,193
2026-03-10 23:10:00,Juanda,1.7,196
2026-03-10 23:10:00,Perak,2.8,253
2026-03-10 23:10:00,Bawean,15.4,249
2026-03-10 23:10:00,Kalianget,5.5,248
2026-03-10 23:10:00,Banyuwangi,4.3,225
2026-03-10 23:10:00,KarangPloso,4.7,212
2026-03-10 23:10:00,Tretes,5.2,203
2026-03-10 23:10:00,KarangKates,2.6,19
2026-03-10 23:10:00,Sawahan,3.6,190
2026-03-10 23:10:00,Tuban,7.7,235
2026-03-10 23:10:00,Pacitan,5.1,318
2026-03-10 23:10:00,Dhoho,5.9,193
2026-03-10 23:20:00,Juanda,1.7,196
2026-03-10 23:20:00,Perak,2.8,253
2026-03-10 23:20:00,Bawean,15.4,249
2026-03-10 23:20:00,Kalianget,5.5,248
2026-03-10 23:20:00,Banyuwangi,4.3,225
2026-03-10 23:20:00,KarangPloso,4.7,212
2026-03-10 23:20:00,Tretes,5.2,203
2026-03-10 23:20:00,KarangKates,2.6,19
2026-03-10 23:20:00,Sawahan,3.6,190
2026-03-10 23:20:00,Tuban,7.7,235
2026-03-10 23:20:00,Pacitan,5.1,318
2026-03-10 23:20:00,Dhoho,5.9,193
2026-03-10 23:30:00,Juanda,6.0,340
2026-03-10 23:30:00,Perak,6.0,340
2026-03-10 23:30:00,Bawean,15.7,238
2026-03-10 23:30:00,Kalianget,4.2,259
2026-03-10 23:30:00,Banyuwangi,4.5,210
2026-03-10 23:30:00,KarangPloso,5.3,209
2026-03-10 23:30:00,Tretes,4.0,208
2026-03-10 23:30:00,KarangKates,2.6,19
2026-03-10 23:30:00,Sawahan,3.1,201
2026-03-10 23:30:00,Tuban,6.3,239
2026-03-10 23:30:00,Pacitan,4.1,310
2026-03-10 23:30:00,Dhoho,6.1,187
2026-03-10 23:40:00,Juanda,1.4,209
2026-03-10 23:40:00,Perak,2.6,239
2026-03-10 23:40:00,Bawean,15.7,238
2026-03-10 23:40:00,Kalianget,4.2,259
2026-03-10 23:40:00,Banyuwangi,4.5,210
2026-03-10 23:40:00,KarangPloso,5.3,209
2026-03-10 23:40:00,Tretes,4.0,208
2026-03-10 23:40:00,KarangKates,1.0,323
2026-03-10 23:40:00,Sawahan,3.1,201
2026-03-10 23:40:00,Tuban,6.3,239
2026-03-10 23:40:00,Pacitan,4.1,310
2026-03-10 23:40:00,Dhoho,6.1,187
2026-03-10 23:50:00,Juanda,1.4,209
2026-03-10 23:50:00,Perak,2.6,239
2026-03-10 23:50:00,Bawean,15.7,238
2026-03-10 23:50:00,Kalianget,4.2,259
2026-03-10 23:50:00,Banyuwangi,4.5,210
2026-03-10 23:50:00,KarangPloso,5.3,209
2026-03-10 23:50:00,Tretes,4.0,208
2026-03-10 23:50:00,KarangKates,1.0,323
2026-03-10 23:50:00,Sawahan,3.1,201
2026-03-10 23:50:00,Tuban,6.3,239
2026-03-10 23:50:00,Pacitan,4.1,310
2026-03-10 23:50:00,Dhoho,6.1,187
2026-03-11 00:00:00,Juanda,1.4,209
2026-03-11 00:00:00,Perak,2.6,239
2026-03-11 00:00:00,Bawean,15.7,238
2026-03-11 00:00:00,Kalianget,4.2,259
2026-03-11 00:00:00,Banyuwangi,4.5,210
2026-03-11 00:00:00,KarangPloso,5.3,209
2026-03-11 00:00:00,Tretes,4.0,208
2026-03-11 00:00:00,KarangKates,1.0,323
2026-03-11 00:00:00,Sawahan,3.1,201
2026-03-11 00:00:00,Tuban,6.3,239
2026-03-11 00:00:00,Pacitan,4.1,310
2026-03-11 00:00:00,Dhoho,6.1,187
2026-03-11 00:10:00,Juanda,1.4,209
2026-03-11 00:10:00,Perak,2.6,239
2026-03-11 00:10:00,Bawean,15.7,238
2026-03-11 00:10:00,Kalianget,4.2,259
2026-03-11 00:10:00,Banyuwangi,4.5,210
2026-03-11 00:10:00,KarangPloso,5.3,209
2026-03-11 00:10:00,Tretes,4.0,208
2026-03-11 00:10:00,KarangKates,1.0,323
2026-03-11 00:10:00,Sawahan,3.1,201
2026-03-11 00:10:00,Tuban,6.3,239
2026-03-11 00:10:00,Pacitan,4.1,310
2026-03-11 00:10:00,Dhoho,6.1,187
2026-03-11 00:20:00,Juanda,1.4,209
2026-03-11 00:20:00,Perak,2.6,239
2026-03-11 00:20:00,Bawean,15.7,238
2026-03-11 00:20:00,Kalianget,4.2,259
2026-03-11 00:20:00,Banyuwangi,4.5,210
2026-03-11 00:20:00,KarangPloso,5.3,209
2026-03-11 00:20:00,Tretes,4.0,208
2026-03-11 00:20:00,KarangKates,1.0,323
2026-03-11 00:20:00,Sawahan,3.1,201
2026-03-11 00:20:00,Tuban,6.3,239
2026-03-11 00:20:00,Pacitan,4.1,310
2026-03-11 00:20:00,Dhoho,6.1,187
2026-03-11 00:30:00,Juanda,0.9,252
2026-03-11 00:30:00,Perak,1.9,244
2026-03-11 00:30:00,Bawean,15.5,239
2026-03-11 00:30:00,Kalianget,2.1,290
2026-03-11 00:30:00,Banyuwangi,5.9,205
2026-03-11 00:30:00,KarangPloso,5.8,217
2026-03-11 00:30:00,Tretes,2.6,211
2026-03-11 00:30:00,KarangKates,2.9,252
2026-03-11 00:30:00,Sawahan,3.1,201
2026-03-11 00:30:00,Tuban,5.9,248
2026-03-11 00:30:00,Pacitan,4.1,310
2026-03-11 00:30:00,Dhoho,6.1,184
2026-03-11 00:40:00,Juanda,0.9,252
2026-03-11 00:40:00,Perak,1.9,244
2026-03-11 00:40:00,Bawean,15.5,239
2026-03-11 00:40:00,Kalianget,2.1,290
2026-03-11 00:40:00,Banyuwangi,5.9,205
2026-03-11 00:40:00,KarangPloso,5.8,217
2026-03-11 00:40:00,Tretes,2.6,211
2026-03-11 00:40:00,KarangKates,2.9,252
2026-03-11 00:40:00,Sawahan,2.7,232
2026-03-11 00:40:00,Tuban,5.9,248
2026-03-11 00:40:00,Pacitan,5.5,284
2026-03-11 00:40:00,Dhoho,6.1,184
2026-03-11 00:50:00,Juanda,0.9,252
2026-03-11 00:50:00,Perak,1.9,244
2026-03-11 00:50:00,Bawean,15.5,239
2026-03-11 00:50:00,Kalianget,2.1,290
2026-03-11 00:50:00,Banyuwangi,5.9,205
2026-03-11 00:50:00,KarangPloso,5.8,217
2026-03-11 00:50:00,Tretes,2.6,211
2026-03-11 00:50:00,KarangKates,2.9,252
2026-03-11 00:50:00,Sawahan,2.7,232
2026-03-11 00:50:00,Tuban,5.9,248
2026-03-11 00:50:00,Pacitan,5.5,284
2026-03-11 00:50:00,Dhoho,6.1,184
2026-03-11 01:00:00,Juanda,0.9,252
2026-03-11 01:00:00,Perak,1.9,244
2026-03-11 01:00:00,Bawean,15.5,239
2026-03-11 01:00:00,Kalianget,2.1,290
2026-03-11 01:00:00,Banyuwangi,5.9,205
2026-03-11 01:00:00,KarangPloso,5.8,217
2026-03-11 01:00:00,Tretes,2.6,211
2026-03-11 01:00:00,KarangKates,2.9,252
2026-03-11 01:00:00,Sawahan,2.7,232
2026-03-11 01:00:00,Tuban,5.9,248
2026-03-11 01:00:00,Pacitan,5.5,284
2026-03-11 01:00:00,Dhoho,6.1,184
2026-03-11 01:10:00,Juanda,0.9,252
2026-03-11 01:10:00,Perak,1.9,244
2026-03-11 01:10:00,Bawean,15.5,239
2026-03-11 01:10:00,Kalianget,2.1,290
2026-03-11 01:10:00,Banyuwangi,5.9,205
2026-03-11 01:10:00,KarangPloso,5.8,217
2026-03-11 01:10:00,Tretes,2.6,211
2026-03-11 01:10:00,KarangKates,2.9,252
2026-03-11 01:10:00,Sawahan,2.7,232
2026-03-11 01:10:00,Tuban,5.9,248
2026-03-11 01:10:00,Pacitan,5.5,284
2026-03-11 01:10:00,Dhoho,6.1,184
2026-03-11 01:20:00,Juanda,0.9,252
2026-03-11 01:20:00,Perak,1.9,244
2026-03-11 01:20:00,Bawean,15.5,239
2026-03-11 01:20:00,Kalianget,2.1,290
2026-03-11 01:20:00,Banyuwangi,5.9,205
2026-03-11 01:20:00,KarangPloso,5.8,217
2026-03-11 01:20:00,Tretes,2.6,211
2026-03-11 01:20:00,KarangKates,2.9,252
2026-03-11 01:20:00,Sawahan,2.7,232
2026-03-11 01:20:00,Tuban,5.9,248
2026-03-11 01:20:00,Pacitan,5.5,284
2026-03-11 01:20:00,Dhoho,6.1,184
2026-03-11 01:30:00,Juanda,1.7,309
2026-03-11 01:30:00,Perak,2.4,255
2026-03-11 01:30:00,Bawean,13.6,251
2026-03-11 01:30:00,Kalianget,2.2,327
2026-03-11 01:30:00,Banyuwangi,6.8,201
2026-03-11 01:30:00,KarangPloso,5.8,217
2026-03-11 01:30:00,Tretes,0.7,209
2026-03-11 01:30:00,KarangKates,4.8,227
2026-03-11 01:30:00,Sawahan,2.9,258
2026-03-11 01:30:00,Tuban,6.3,243
2026-03-11 01:30:00,Pacitan,5.5,284
2026-03-11 01:30:00,Dhoho,4.7,200
2026-03-11 01:40:00,Juanda,1.7,309
2026-03-11 01:40:00,Perak,2.4,255
2026-03-11 01:40:00,Bawean,13.6,251
2026-03-11 01:40:00,Kalianget,2.2,327
2026-03-11 01:40:00,Banyuwangi,6.8,201
2026-03-11 01:40:00,KarangPloso,5.4,213
2026-03-11 01:40:00,Tretes,0.7,209
2026-03-11 01:40:00,KarangKates,4.8,227
2026-03-11 01:40:00,Sawahan,2.9,258
2026-03-11 01:40:00,Tuban,6.3,243
2026-03-11 01:40:00,Pacitan,7.1,270
2026-03-11 01:40:00,Dhoho,4.7,200
2026-03-11 01:50:00,Juanda,1.7,309
2026-03-11 01:50:00,Perak,2.4,255
2026-03-11 01:50:00,Bawean,13.6,251
2026-03-11 01:50:00,Kalianget,2.2,327
2026-03-11 01:50:00,Banyuwangi,6.8,201
2026-03-11 01:50:00,KarangPloso,5.4,213
2026-03-11 01:50:00,Tretes,0.7,209
2026-03-11 01:50:00,KarangKates,4.8,227
2026-03-11 01:50:00,Sawahan,2.9,258
2026-03-11 01:50:00,Tuban,6.3,243
2026-03-11 01:50:00,Pacitan,7.1,270
2026-03-11 01:50:00,Dhoho,4.7,200
2026-03-11 02:00:00,Juanda,1.7,309
2026-03-11 02:00:00,Perak,2.4,255
2026-03-11 02:00:00,Bawean,13.6,251
2026-03-11 02:00:00,Kalianget,2.2,327
2026-03-11 02:00:00,Banyuwangi,6.8,201
2026-03-11 02:00:00,KarangPloso,5.4,213
2026-03-11 02:00:00,Tretes,0.7,209
2026-03-11 02:00:00,KarangKates,4.8,227
2026-03-11 02:00:00,Sawahan,2.9,258
2026-03-11 02:00:00,Tuban,6.3,243
2026-03-11 02:00:00,Pacitan,7.1,270
2026-03-11 02:00:00,Dhoho,4.7,200
2026-03-11 02:10:00,Juanda,1.7,309
2026-03-11 02:10:00,Perak,2.4,255
2026-03-11 02:10:00,Bawean,13.6,251
2026-03-11 02:10:00,Kalianget,2.2,327
2026-03-11 02:10:00,Banyuwangi,6.8,201
2026-03-11 02:10:00,KarangPloso,5.4,213
2026-03-11 02:10:00,Tretes,0.7,209
2026-03-11 02:10:00,KarangKates,4.8,227
2026-03-11 02:10:00,Sawahan,2.9,258
2026-03-11 02:10:00,Tuban,6.3,243
2026-03-11 02:10:00,Pacitan,7.1,270
2026-03-11 02:10:00,Dhoho,4.7,200
2026-03-11 02:20:00,Juanda,1.7,309
2026-03-11 02:20:00,Perak,2.4,255
2026-03-11 02:20:00,Bawean,13.6,251
2026-03-11 02:20:00,Kalianget,2.2,327
2026-03-11 02:20:00,Banyuwangi,6.8,201
2026-03-11 02:20:00,KarangPloso,5.4,213
2026-03-11 02:20:00,Tretes,0.7,209
2026-03-11 02:20:00,KarangKates,4.8,227
2026-03-11 02:20:00,Sawahan,2.9,258
2026-03-11 02:20:00,Tuban,6.3,243
2026-03-11 02:20:00,Pacitan,7.1,270
2026-03-11 02:20:00,Dhoho,4.7,200
2026-03-11 02:30:00,Juanda,3.0,314
2026-03-11 02:30:00,Perak,5.0,350
2026-03-11 02:30:00,Bawean,11.6,267
2026-03-11 02:30:00,Kalianget,2.0,353
2026-03-11 02:30:00,Banyuwangi,6.5,189
2026-03-11 02:30:00,KarangPloso,4.8,215
2026-03-11 02:30:00,Tretes,0.9,354
2026-03-11 02:30:00,KarangKates,6.4,225
2026-03-11 02:30:00,Sawahan,4.3,262
2026-03-11 02:30:00,Tuban,6.3,243
2026-03-11 02:30:00,Pacitan,7.9,259
2026-03-11 02:30:00,Dhoho,2.2,186
2026-03-11 02:40:00,Juanda,6.0,20
2026-03-11 02:40:00,Perak,3.6,246
2026-03-11 02:40:00,Bawean,11.6,267
2026-03-11 02:40:00,Kalianget,2.0,353
2026-03-11 02:40:00,Banyuwangi,6.5,189
2026-03-11 02:40:00,KarangPloso,4.8,215
2026-03-11 02:40:00,Tretes,0.9,354
2026-03-11 02:40:00,KarangKates,6.4,225
2026-03-11 02:40:00,Sawahan,4.3,262
2026-03-11 02:40:00,Tuban,7.2,253
2026-03-11 02:40:00,Pacitan,7.9,259
2026-03-11 02:40:00,Dhoho,2.2,186
2026-03-11 02:50:00,Juanda,6.0,20
2026-03-11 02:50:00,Perak,3.6,246
2026-03-11 02:50:00,Bawean,11.6,267
2026-03-11 02:50:00,Kalianget,2.0,353
2026-03-11 02:50:00,Banyuwangi,6.5,189
2026-03-11 02:50:00,KarangPloso,4.8,215
2026-03-11 02:50:00,Tretes,0.9,354
2026-03-11 02:50:00,KarangKates,6.4,225
2026-03-11 02:50:00,Sawahan,4.3,262
2026-03-11 02:50:00,Tuban,7.2,253
2026-03-11 02:50:00,Pacitan,7.9,259
2026-03-11 02:50:00,Dhoho,2.2,186
2026-03-11 03:00:00,Juanda,3.0,314
2026-03-11 03:00:00,Perak,3.6,246
2026-03-11 03:00:00,Bawean,11.6,267
2026-03-11 03:00:00,Kalianget,2.0,353
2026-03-11 03:00:00,Banyuwangi,6.5,189
2026-03-11 03:00:00,KarangPloso,4.8,215
2026-03-11 03:00:00,Tretes,0.9,354
2026-03-11 03:00:00,KarangKates,6.4,225
2026-03-11 03:00:00,Sawahan,4.3,262
2026-03-11 03:00:00,Tuban,7.2,253
2026-03-11 03:00:00,Pacitan,7.9,259
2026-03-11 03:00:00,Dhoho,2.2,186
2026-03-11 03:10:00,Juanda,3.0,314
2026-03-11 03:10:00,Perak,5.0,50
2026-03-11 03:10:00,Bawean,11.6,267
2026-03-11 03:10:00,Kalianget,2.0,353
2026-03-11 03:10:00,Banyuwangi,6.5,189
2026-03-11 03:10:00,KarangPloso,4.8,215
2026-03-11 03:10:00,Tretes,0.9,354
2026-03-11 03:10:00,KarangKates,6.4,225
2026-03-11 03:10:00,Sawahan,4.3,262
2026-03-11 03:10:00,Tuban,7.2,253
2026-03-11 03:10:00,Pacitan,7.9,259
2026-03-11 03:10:00,Dhoho,2.2,186
2026-03-11 03:20:00,Juanda,3.0,314
2026-03-11 03:20:00,Perak,3.6,246
2026-03-11 03:20:00,Bawean,11.6,267
2026-03-11 03:20:00,Kalianget,2.0,353
2026-03-11 03:20:00,Banyuwangi,6.5,189
2026-03-11 03:20:00,KarangPloso,4.8,215
2026-03-11 03:20:00,Tretes,0.9,354
2026-03-11 03:20:00,KarangKates,6.4,225
2026-03-11 03:20:00,Sawahan,4.3,262
2026-03-11 03:20:00,Tuban,7.2,253
2026-03-11 03:20:00,Pacitan,7.9,259
2026-03-11 03:20:00,Dhoho,2.2,186
2026-03-11 03:30:00,Juanda,3.8,318
2026-03-11 03:30:00,Perak,3.6,246
2026-03-11 03:30:00,Bawean,11.8,268
2026-03-11 03:30:00,Kalianget,2.0,353
2026-03-11 03:30:00,Banyuwangi,6.5,189
2026-03-11 03:30:00,KarangPloso,4.7,212
2026-03-11 03:30:00,Tretes,0.9,354
2026-03-11 03:30:00,KarangKates,7.1,227
2026-03-11 03:30:00,Sawahan,4.3,262
2026-03-11 03:30:00,Tuban,8.9,245
2026-03-11 03:30:00,Pacitan,7.9,259
2026-03-11 03:30:00,Dhoho,2.2,186
2026-03-11 03:40:00,Juanda,3.8,318
2026-03-11 03:40:00,Perak,5.1,256
2026-03-11 03:40:00,Bawean,11.8,268
2026-03-11 03:40:00,Kalianget,1.4,358
2026-03-11 03:40:00,Banyuwangi,7.0,186
2026-03-11 03:40:00,KarangPloso,4.7,212
2026-03-11 03:40:00,Tretes,1.8,16
2026-03-11 03:40:00,KarangKates,7.1,227
2026-03-11 03:40:00,Sawahan,4.9,258
2026-03-11 03:40:00,Tuban,8.9,245
2026-03-11 03:40:00,Pacitan,8.9,253
2026-03-11 03:40:00,Dhoho,1.1,115
2026-03-11 03:50:00,Juanda,3.8,318
2026-03-11 03:50:00,Perak,5.1,256
2026-03-11 03:50:00,Bawean,11.8,268
2026-03-11 03:50:00,Kalianget,1.4,358
2026-03-11 03:50:00,Banyuwangi,7.0,186
2026-03-11 03:50:00,KarangPloso,4.7,212
2026-03-11 03:50:00,Tretes,1.8,16
2026-03-11 03:50:00,KarangKates,7.1,227
2026-03-11 03:50:00,Sawahan,4.9,258
2026-03-11 03:50:00,Tuban,8.9,245
2026-03-11 03:50:00,Pacitan,8.9,253
2026-03-11 03:50:00,Dhoho,1.1,115
2026-03-11 04:00:00,Juanda,3.8,318
2026-03-11 04:00:00,Perak,5.1,256
2026-03-11 04:00:00,Bawean,11.8,268
2026-03-11 04:00:00,Kalianget,1.4,358
2026-03-11 04:00:00,Banyuwangi,7.0,186
2026-03-11 04:00:00,KarangPloso,4.7,212
2026-03-11 04:00:00,Tretes,1.8,16
2026-03-11 04:00:00,KarangKates,7.1,227
2026-03-11 04:00:00,Sawahan,4.9,258
2026-03-11 04:00:00,Tuban,8.9,245
2026-03-11 04:00:00,Pacitan,8.9,253
2026-03-11 04:00:00,Dhoho,1.1,115
2026-03-11 04:10:00,Juanda,3.8,318
2026-03-11 04:10:00,Perak,6.0,100
2026-03-11 04:10:00,Bawean,11.8,268
2026-03-11 04:10:00,Kalianget,1.4,358
2026-03-11 04:10:00,Banyuwangi,7.0,186
2026-03-11 04:10:00,KarangPloso,4.7,212
2026-03-11 04:10:00,Tretes,1.8,16
2026-03-11 04:10:00,KarangKates,7.1,227
2026-03-11 04:10:00,Sawahan,4.9,258
2026-03-11 04:10:00,Tuban,8.9,245
2026-03-11 04:10:00,Pacitan,8.9,253
2026-03-11 04:10:00,Dhoho,1.1,115
2026-03-11 04:20:00,Juanda,3.8,318
2026-03-11 04:20:00,Perak,6.0,100
2026-03-11 04:20:00,Bawean,11.8,268
2026-03-11 04:20:00,Kalianget,1.4,358
2026-03-11 04:20:00,Banyuwangi,7.0,186
2026-03-11 04:20:00,KarangPloso,4.7,212
2026-03-11 04:20:00,Tretes,1.8,16
2026-03-11 04:20:00,KarangKates,7.1,227
2026-03-11 04:20:00,Sawahan,4.9,258
2026-03-11 04:20:00,Tuban,8.9,245
2026-03-11 04:20:00,Pacitan,8.9,253
2026-03-11 04:20:00,Dhoho,1.1,115
2026-03-11 04:30:00,Juanda,3.8,318
2026-03-11 04:30:00,Perak,8.1,264
2026-03-11 04:30:00,Bawean,13.6,263
2026-03-11 04:30:00,Kalianget,1.4,303
2026-03-11 04:30:00,Banyuwangi,7.0,186
2026-03-11 04:30:00,KarangPloso,4.7,212
2026-03-11 04:30:00,Tretes,2.5,355
2026-03-11 04:30:00,KarangKates,7.2,232
2026-03-11 04:30:00,Sawahan,5.0,259
2026-03-11 04:30:00,Tuban,8.9,245
2026-03-11 04:30:00,Pacitan,8.9,253
2026-03-11 04:30:00,Dhoho,1.5,105
2026-03-11 04:40:00,Juanda,3.3,287
2026-03-11 04:40:00,Perak,8.1,264
2026-03-11 04:40:00,Bawean,13.6,263
2026-03-11 04:40:00,Kalianget,1.4,303
2026-03-11 04:40:00,Banyuwangi,7.3,188
2026-03-11 04:40:00,KarangPloso,5.0,215
2026-03-11 04:40:00,Tretes,2.5,355
2026-03-11 04:40:00,KarangKates,7.2,232
2026-03-11 04:40:00,Sawahan,5.0,259
2026-03-11 04:40:00,Tuban,9.7,254
2026-03-11 04:40:00,Pacitan,9.6,249
2026-03-11 04:40:00,Dhoho,1.5,105
2026-03-11 04:50:00,Juanda,3.3,287
2026-03-11 04:50:00,Perak,8.1,264
2026-03-11 04:50:00,Bawean,13.6,263
2026-03-11 04:50:00,Kalianget,1.4,303
2026-03-11 04:50:00,Banyuwangi,7.3,188
2026-03-11 04:50:00,KarangPloso,5.0,215
2026-03-11 04:50:00,Tretes,2.5,355
2026-03-11 04:50:00,KarangKates,7.2,232
2026-03-11 04:50:00,Sawahan,5.0,259
2026-03-11 04:50:00,Tuban,9.7,254
2026-03-11 04:50:00,Pacitan,9.6,249
2026-03-11 04:50:00,Dhoho,1.5,105
2026-03-11 05:00:00,Juanda,3.3,287
2026-03-11 05:00:00,Perak,8.1,264
2026-03-11 05:00:00,Bawean,13.6,263
2026-03-11 05:00:00,Kalianget,1.4,303
2026-03-11 05:00:00,Banyuwangi,7.3,188
2026-03-11 05:00:00,KarangPloso,5.0,215
2026-03-11 05:00:00,Tretes,2.5,355
2026-03-11 05:00:00,KarangKates,7.2,232
2026-03-11 05:00:00,Sawahan,5.0,259
2026-03-11 05:00:00,Tuban,9.7,254
2026-03-11 05:00:00,Pacitan,9.6,249
2026-03-11 05:00:00,Dhoho,1.5,105
2026-03-11 05:10:00,Juanda,3.3,287
2026-03-11 05:10:00,Perak,8.1,264
2026-03-11 05:10:00,Bawean,13.6,263
2026-03-11 05:10:00,Kalianget,1.4,303
2026-03-11 05:10:00,Banyuwangi,7.3,188
2026-03-11 05:10:00,KarangPloso,5.0,215
2026-03-11 05:10:00,Tretes,2.5,355
2026-03-11 05:10:00,KarangKates,7.2,232
2026-03-11 05:10:00,Sawahan,5.0,259
2026-03-11 05:10:00,Tuban,9.7,254
2026-03-11 05:10:00,Pacitan,9.6,249
2026-03-11 05:10:00,Dhoho,1.5,105
2026-03-11 05:20:00,Juanda,3.3,287
2026-03-11 05:20:00,Perak,8.1,264
2026-03-11 05:20:00,Bawean,13.6,263
2026-03-11 05:20:00,Kalianget,1.4,303
2026-03-11 05:20:00,Banyuwangi,7.3,188
2026-03-11 05:20:00,KarangPloso,5.0,215
2026-03-11 05:20:00,Tretes,2.5,355
2026-03-11 05:20:00,KarangKates,7.2,232
2026-03-11 05:20:00,Sawahan,5.0,259
2026-03-11 05:20:00,Tuban,9.7,254
2026-03-11 05:20:00,Pacitan,9.6,249
2026-03-11 05:20:00,Dhoho,1.5,105
2026-03-11 05:30:00,Juanda,5.0,0
2026-03-11 05:30:00,Perak,8.1,264
2026-03-11 05:30:00,Bawean,14.1,265
2026-03-11 05:30:00,Kalianget,2.2,275
2026-03-11 05:30:00,Banyuwangi,7.3,188
2026-03-11 05:30:00,KarangPloso,5.5,212
2026-03-11 05:30:00,Tretes,2.0,330
2026-03-11 05:30:00,KarangKates,7.6,233
2026-03-11 05:30:00,Sawahan,5.2,265
2026-03-11 05:30:00,Tuban,9.3,289
2026-03-11 05:30:00,Pacitan,9.8,248
2026-03-11 05:30:00,Dhoho,2.4,149
2026-03-11 05:40:00,Juanda,5.3,275
2026-03-11 05:40:00,Perak,11.0,272
2026-03-11 05:40:00,Bawean,14.1,265
2026-03-11 05:40:00,Kalianget,2.2,275
2026-03-11 05:40:00,Banyuwangi,7.3,188
2026-03-11 05:40:00,KarangPloso,5.5,212
2026-03-11 05:40:00,Tretes,2.0,330
2026-03-11 05:40:00,KarangKates,7.6,233
2026-03-11 05:40:00,Sawahan,5.2,265
2026-03-11 05:40:00,Tuban,9.3,289
2026-03-11 05:40:00,Pacitan,9.8,248
2026-03-11 05:40:00,Dhoho,2.4,149
2026-03-11 05:50:00,Juanda,4.5,277
2026-03-11 05:50:00,Perak,11.0,272
2026-03-11 05:50:00,Bawean,13.4,263
2026-03-11 05:50:00,Kalianget,3.1,228
2026-03-11 05:50:00,Banyuwangi,7.3,188
2026-03-11 05:50:00,KarangPloso,5.6,209
2026-03-11 05:50:00,Tretes,1.6,339
2026-03-11 05:50:00,KarangKates,7.6,233
2026-03-11 05:50:00,Sawahan,5.2,265
2026-03-11 05:50:00,Tuban,9.3,289
2026-03-11 05:50:00,Pacitan,9.8,248
2026-03-11 05:50:00,Dhoho,2.4,149
2026-03-11 06:00:00,Juanda,4.5,277
2026-03-11 06:00:00,Perak,10.1,274
2026-03-11 06:00:00,Bawean,13.4,263
2026-03-11 06:00:00,Kalianget,3.1,228
2026-03-11 06:00:00,Banyuwangi,7.4,188
2026-03-11 06:00:00,KarangPloso,5.6,209
2026-03-11 06:00:00,Tretes,1.6,339
2026-03-11 06:00:00,KarangKates,7.6,231
2026-03-11 06:00:00,Sawahan,4.5,253
2026-03-11 06:00:00,Tuban,9.5,295
2026-03-11 06:00:00,Pacitan,9.7,248
2026-03-11 06:00:00,Dhoho,3.1,162
2026-03-11 06:10:00,Juanda,4.5,277
2026-03-11 06:10:00,Perak,10.1,274
2026-03-11 06:10:00,Bawean,13.4,263
2026-03-11 06:10:00,Kalianget,3.1,228
2026-03-11 06:10:00,Banyuwangi,7.4,188
2026-03-11 06:10:00,KarangPloso,5.6,209
2026-03-11 06:10:00,Tretes,1.6,339
2026-03-11 06:10:00,KarangKates,7.6,231
2026-03-11 06:10:00,Sawahan,4.5,253
2026-03-11 06:10:00,Tuban,9.5,295
2026-03-11 06:10:00,Pacitan,9.7,248
2026-03-11 06:10:00,Dhoho,3.1,162
2026-03-11 06:20:00,Juanda,4.5,277
2026-03-11 06:20:00,Perak,10.1,274
2026-03-11 06:20:00,Bawean,13.4,263
2026-03-11 06:20:00,Kalianget,3.1,228
2026-03-11 06:20:00,Banyuwangi,7.4,188
2026-03-11 06:20:00,KarangPloso,5.6,209
2026-03-11 06:20:00,Tretes,1.6,339
2026-03-11 06:20:00,KarangKates,7.6,231
2026-03-11 06:20:00,Sawahan,4.5,253
2026-03-11 06:20:00,Tuban,9.5,295
2026-03-11 06:20:00,Pacitan,9.7,248
2026-03-11 06:20:00,Dhoho,3.1,162
2026-03-11 06:30:00,Juanda,4.5,277
2026-03-11 06:30:00,Perak,12.0,150
2026-03-11 06:30:00,Bawean,13.2,270
2026-03-11 06:30:00,Kalianget,3.1,228
2026-03-11 06:30:00,Banyuwangi,7.3,193
2026-03-11 06:30:00,KarangPloso,5.7,213
2026-03-11 06:30:00,Tretes,1.6,339
2026-03-11 06:30:00,KarangKates,7.6,231
2026-03-11 06:30:00,Sawahan,4.4,249
2026-03-11 06:30:00,Tuban,9.8,313
2026-03-11 06:30:00,Pacitan,9.7,250
2026-03-11 06:30:00,Dhoho,3.9,153
2026-03-11 06:40:00,Juanda,4.6,292
2026-03-11 06:40:00,Perak,9.0,140
2026-03-11 06:40:00,Bawean,13.2,270
2026-03-11 06:40:00,Kalianget,3.3,232
2026-03-11 06:40:00,Banyuwangi,7.3,193
2026-03-11 06:40:00,KarangPloso,5.7,213
2026-03-11 06:40:00,Tretes,1.5,316
2026-03-11 06:40:00,KarangKates,7.7,229
2026-03-11 06:40:00,Sawahan,4.4,249
2026-03-11 06:40:00,Tuban,9.8,313
2026-03-11 06:40:00,Pacitan,9.7,250
2026-03-11 06:40:00,Dhoho,3.9,153
2026-03-11 06:50:00,Juanda,4.6,292
2026-03-11 06:50:00,Perak,8.7,285
2026-03-11 06:50:00,Bawean,13.2,270
2026-03-11 06:50:00,Kalianget,3.3,232
2026-03-11 06:50:00,Banyuwangi,7.3,193
2026-03-11 06:50:00,KarangPloso,5.7,213
2026-03-11 06:50:00,Tretes,1.5,316
2026-03-11 06:50:00,KarangKates,7.7,229
2026-03-11 06:50:00,Sawahan,4.4,249
2026-03-11 06:50:00,Tuban,9.8,313
2026-03-11 06:50:00,Pacitan,9.7,250
2026-03-11 06:50:00,Dhoho,3.9,153
2026-03-11 07:00:00,Juanda,4.6,292
2026-03-11 07:00:00,Perak,8.7,285
2026-03-11 07:00:00,Bawean,13.2,270
2026-03-11 07:00:00,Kalianget,3.3,232
2026-03-11 07:00:00,Banyuwangi,7.3,193
2026-03-11 07:00:00,KarangPloso,5.7,213
2026-03-11 07:00:00,Tretes,1.5,316
2026-03-11 07:00:00,KarangKates,7.7,229
2026-03-11 07:00:00,Sawahan,4.4,249
2026-03-11 07:00:00,Tuban,9.8,313
2026-03-11 07:00:00,Pacitan,9.7,250
2026-03-11 07:00:00,Dhoho,3.9,153
2026-03-11 07:10:00,Juanda,4.6,292
2026-03-11 07:10:00,Perak,8.7,285
2026-03-11 07:10:00,Bawean,13.2,270
2026-03-11 07:10:00,Kalianget,3.3,232
2026-03-11 07:10:00,Banyuwangi,7.3,193
2026-03-11 07:10:00,KarangPloso,5.7,213
2026-03-11 07:10:00,Tretes,1.5,316
2026-03-11 07:10:00,KarangKates,7.7,229
2026-03-11 07:10:00,Sawahan,4.4,249
2026-03-11 07:10:00,Tuban,9.8,313
2026-03-11 07:10:00,Pacitan,9.7,250
2026-03-11 07:10:00,Dhoho,3.9,153
2026-03-11 07:20:00,Juanda,7.0,130
2026-03-11 07:20:00,Perak,7.0,130
2026-03-11 07:20:00,Bawean,13.2,270
2026-03-11 07:20:00,Kalianget,3.3,232
2026-03-11 07:20:00,Banyuwangi,7.3,193
2026-03-11 07:20:00,KarangPloso,5.7,213
2026-03-11 07:20:00,Tretes,1.5,316
2026-03-11 07:20:00,KarangKates,7.7,229
2026-03-11 07:20:00,Sawahan,4.4,249
2026-03-11 07:20:00,Tuban,9.8,313
2026-03-11 07:20:00,Pacitan,9.7,250
2026-03-11 07:20:00,Dhoho,3.9,153
2026-03-11 07:30:00,Juanda,4.9,287
2026-03-11 07:30:00,Perak,8.7,285
2026-03-11 07:30:00,Bawean,14.0,271
2026-03-11 07:30:00,Kalianget,4.0,245
2026-03-11 07:30:00,Banyuwangi,7.3,194
2026-03-11 07:30:00,KarangPloso,5.7,216
2026-03-11 07:30:00,Tretes,0.9,275
2026-03-11 07:30:00,KarangKates,7.4,228
2026-03-11 07:30:00,Sawahan,4.4,249
2026-03-11 07:30:00,Tuban,9.8,313
2026-03-11 07:30:00,Pacitan,9.7,250
2026-03-11 07:30:00,Dhoho,4.7,162
2026-03-11 07:40:00,Juanda,4.9,287
2026-03-11 07:40:00,Perak,8.9,285
2026-03-11 07:40:00,Bawean,14.0,271
2026-03-11 07:40:00,Kalianget,4.0,245
2026-03-11 07:40:00,Banyuwangi,7.3,194
2026-03-11 07:40:00,KarangPloso,5.7,216
2026-03-11 07:40:00,Tretes,0.9,275
2026-03-11 07:40:00,KarangKates,7.4,228
2026-03-11 07:40:00,Sawahan,4.1,249
2026-03-11 07:40:00,Tuban,10.8,312
2026-03-11 07:40:00,Pacitan,9.7,254
2026-03-11 07:40:00,Dhoho,4.7,162
2026-03-11 07:50:00,Juanda,4.9,287
2026-03-11 07:50:00,Perak,8.9,285
2026-03-11 07:50:00,Bawean,14.0,271
2026-03-11 07:50:00,Kalianget,4.0,245
2026-03-11 07:50:00,Banyuwangi,7.3,194
2026-03-11 07:50:00,KarangPloso,5.7,216
2026-03-11 07:50:00,Tretes,0.9,275
2026-03-11 07:50:00,KarangKates,7.4,228
2026-03-11 07:50:00,Sawahan,4.1,249
2026-03-11 07:50:00,Tuban,10.8,312
2026-03-11 07:50:00,Pacitan,9.7,254
2026-03-11 07:50:00,Dhoho,4.7,162
2026-03-11 08:00:00,Juanda,4.9,287
2026-03-11 08:00:00,Perak,8.9,285
2026-03-11 08:00:00,Bawean,14.0,271
2026-03-11 08:00:00,Kalianget,4.0,245
2026-03-11 08:00:00,Banyuwangi,7.3,194
2026-03-11 08:00:00,KarangPloso,5.7,216
2026-03-11 08:00:00,Tretes,0.9,275
2026-03-11 08:00:00,KarangKates,7.4,228
2026-03-11 08:00:00,Sawahan,4.1,249
2026-03-11 08:00:00,Tuban,10.8,312
2026-03-11 08:00:00,Pacitan,9.7,254
2026-03-11 08:00:00,Dhoho,4.7,162
2026-03-11 08:10:00,Juanda,4.9,287
2026-03-11 08:10:00,Perak,8.9,285
2026-03-11 08:10:00,Bawean,14.0,271
2026-03-11 08:10:00,Kalianget,4.0,245
2026-03-11 08:10:00,Banyuwangi,7.3,194
2026-03-11 08:10:00,KarangPloso,5.7,216
2026-03-11 08:10:00,Tretes,0.9,275
2026-03-11 08:10:00,KarangKates,7.4,228
2026-03-11 08:10:00,Sawahan,4.1,249
2026-03-11 08:10:00,Tuban,10.8,312
2026-03-11 08:10:00,Pacitan,9.7,254
2026-03-11 08:10:00,Dhoho,4.7,162
2026-03-11 08:20:00,Juanda,4.9,287
2026-03-11 08:20:00,Perak,8.9,285
2026-03-11 08:20:00,Bawean,14.0,271
2026-03-11 08:20:00,Kalianget,4.0,245
2026-03-11 08:20:00,Banyuwangi,7.3,194
2026-03-11 08:20:00,KarangPloso,5.7,216
2026-03-11 08:20:00,Tretes,0.9,275
2026-03-11 08:20:00,KarangKates,7.4,228
2026-03-11 08:20:00,Sawahan,4.1,249
2026-03-11 08:20:00,Tuban,10.8,312
2026-03-11 08:20:00,Pacitan,9.7,254
2026-03-11 08:20:00,Dhoho,4.7,162
2026-03-11 08:30:00,Juanda,4.9,287
2026-03-11 08:30:00,Perak,7.0,140
2026-03-11 08:30:00,Bawean,14.0,271
2026-03-11 08:30:00,Kalianget,4.3,275
2026-03-11 08:30:00,Banyuwangi,7.4,203
2026-03-11 08:30:00,KarangPloso,5.7,216
2026-03-11 08:30:00,Tretes,0.9,275
2026-03-11 08:30:00,KarangKates,7.4,228
2026-03-11 08:30:00,Sawahan,3.2,265
2026-03-11 08:30:00,Tuban,11.7,309
2026-03-11 08:30:00,Pacitan,9.2,255
2026-03-11 08:30:00,Dhoho,4.7,162
2026-03-11 08:40:00,Juanda,8.0,140
2026-03-11 08:40:00,Perak,8.5,274
2026-03-11 08:40:00,Bawean,14.4,269
2026-03-11 08:40:00,Kalianget,4.3,275
2026-03-11 08:40:00,Banyuwangi,7.4,203
2026-03-11 08:40:00,KarangPloso,5.9,207
2026-03-11 08:40:00,Tretes,1.4,250
2026-03-11 08:40:00,KarangKates,6.5,222
2026-03-11 08:40:00,Sawahan,3.2,265
2026-03-11 08:40:00,Tuban,11.7,309
2026-03-11 08:40:00,Pacitan,9.2,255
2026-03-11 08:40:00,Dhoho,5.5,160
2026-03-11 08:50:00,Juanda,6.3,282
2026-03-11 08:50:00,Perak,8.0,140
2026-03-11 08:50:00,Bawean,14.4,269
2026-03-11 08:50:00,Kalianget,4.3,275
2026-03-11 08:50:00,Banyuwangi,7.4,203
2026-03-11 08:50:00,KarangPloso,5.9,207
2026-03-11 08:50:00,Tretes,1.4,250
2026-03-11 08:50:00,KarangKates,6.5,222
2026-03-11 08:50:00,Sawahan,3.2,265
2026-03-11 08:50:00,Tuban,11.7,309
2026-03-11 08:50:00,Pacitan,9.2,255
2026-03-11 08:50:00,Dhoho,5.5,160
2026-03-11 09:00:00,Juanda,6.3,282
2026-03-11 09:00:00,Perak,8.5,274
2026-03-11 09:00:00,Bawean,14.4,269
2026-03-11 09:00:00,Kalianget,4.3,275
2026-03-11 09:00:00,Banyuwangi,7.4,203
2026-03-11 09:00:00,KarangPloso,5.9,207
2026-03-11 09:00:00,Tretes,1.4,250
2026-03-11 09:00:00,KarangKates,6.5,222
2026-03-11 09:00:00,Sawahan,3.2,265
2026-03-11 09:00:00,Tuban,11.7,309
2026-03-11 09:00:00,Pacitan,9.2,255
2026-03-11 09:00:00,Dhoho,5.5,160
2026-03-11 09:10:00,Juanda,6.3,282
2026-03-11 09:10:00,Perak,8.5,274
2026-03-11 09:10:00,Bawean,14.4,269
2026-03-11 09:10:00,Kalianget,4.3,275
2026-03-11 09:10:00,Banyuwangi,7.4,203
2026-03-11 09:10:00,KarangPloso,5.9,207
2026-03-11 09:10:00,Tretes,1.4,250
2026-03-11 09:10:00,KarangKates,6.5,222
2026-03-11 09:10:00,Sawahan,3.2,265
2026-03-11 09:10:00,Tuban,11.7,309
2026-03-11 09:10:00,Pacitan,9.2,255
2026-03-11 09:10:00,Dhoho,5.5,160
2026-03-11 09:20:00,Juanda,6.3,282
2026-03-11 09:20:00,Perak,8.5,274
2026-03-11 09:20:00,Bawean,14.4,269
2026-03-11 09:20:00,Kalianget,4.3,275
2026-03-11 09:20:00,Banyuwangi,7.4,203
2026-03-11 09:20:00,KarangPloso,5.9,207
2026-03-11 09:20:00,Tretes,1.4,250
2026-03-11 09:20:00,KarangKates,6.5,222
2026-03-11 09:20:00,Sawahan,3.2,265
2026-03-11 09:20:00,Tuban,11.7,309
2026-03-11 09:20:00,Pacitan,9.2,255
2026-03-11 09:20:00,Dhoho,5.5,160
2026-03-11 09:30:00,Juanda,6.3,282
2026-03-11 09:30:00,Perak,7.5,279
2026-03-11 09:30:00,Bawean,14.4,269
2026-03-11 09:30:00,Kalianget,4.3,275
2026-03-11 09:30:00,Banyuwangi,7.4,203
2026-03-11 09:30:00,KarangPloso,5.9,207
2026-03-11 09:30:00,Tretes,2.0,221
2026-03-11 09:30:00,KarangKates,6.5,222
2026-03-11 09:30:00,Sawahan,3.2,265
2026-03-11 09:30:00,Tuban,11.7,309
2026-03-11 09:30:00,Pacitan,7.1,257
2026-03-11 09:30:00,Dhoho,5.3,161
2026-03-11 09:40:00,Juanda,7.2,291
2026-03-11 09:40:00,Perak,7.5,279
2026-03-11 09:40:00,Bawean,13.4,265
2026-03-11 09:40:00,Kalianget,5.4,290
2026-03-11 09:40:00,Banyuwangi,6.4,211
2026-03-11 09:40:00,KarangPloso,5.6,198
2026-03-11 09:40:00,Tretes,2.0,221
2026-03-11 09:40:00,KarangKates,4.7,218
2026-03-11 09:40:00,Sawahan,2.4,262
2026-03-11 09:40:00,Tuban,11.4,307
2026-03-11 09:40:00,Pacitan,7.1,257
2026-03-11 09:40:00,Dhoho,5.3,161
2026-03-11 09:50:00,Juanda,7.2,291
2026-03-11 09:50:00,Perak,7.5,279
2026-03-11 09:50:00,Bawean,13.4,265
2026-03-11 09:50:00,Kalianget,5.4,290
2026-03-11 09:50:00,Banyuwangi,6.4,211
2026-03-11 09:50:00,KarangPloso,5.6,198
2026-03-11 09:50:00,Tretes,2.0,221
2026-03-11 09:50:00,KarangKates,4.7,218
2026-03-11 09:50:00,Sawahan,2.4,262
2026-03-11 09:50:00,Tuban,11.4,307
2026-03-11 09:50:00,Pacitan,7.1,257
2026-03-11 09:50:00,Dhoho,5.3,161
2026-03-11 10:00:00,Juanda,7.2,291
2026-03-11 10:00:00,Perak,7.5,279
2026-03-11 10:00:00,Bawean,13.4,265
2026-03-11 10:00:00,Kalianget,5.4,290
2026-03-11 10:00:00,Banyuwangi,6.4,211
2026-03-11 10:00:00,KarangPloso,5.6,198
2026-03-11 10:00:00,Tretes,2.0,221
2026-03-11 10:00:00,KarangKates,4.7,218
2026-03-11 10:00:00,Sawahan,2.4,262
2026-03-11 10:00:00,Tuban,11.4,307
2026-03-11 10:00:00,Pacitan,7.1,257
2026-03-11 10:00:00,Dhoho,5.3,161
2026-03-11 10:10:00,Juanda,7.2,291
2026-03-11 10:10:00,Perak,7.5,279
2026-03-11 10:10:00,Bawean,13.4,265
2026-03-11 10:10:00,Kalianget,5.4,290
2026-03-11 10:10:00,Banyuwangi,6.4,211
2026-03-11 10:10:00,KarangPloso,5.6,198
2026-03-11 10:10:00,Tretes,2.0,221
2026-03-11 10:10:00,KarangKates,4.7,218
2026-03-11 10:10:00,Sawahan,2.4,262
2026-03-11 10:10:00,Tuban,11.4,307
2026-03-11 10:10:00,Pacitan,7.1,257
2026-03-11 10:10:00,Dhoho,5.3,161
2026-03-11 10:20:00,Juanda,7.2,291
2026-03-11 10:20:00,Perak,7.5,279
2026-03-11 10:20:00,Bawean,13.4,265
2026-03-11 10:20:00,Kalianget,5.4,290
2026-03-11 10:20:00,Banyuwangi,6.4,211
2026-03-11 10:20:00,KarangPloso,5.6,198
2026-03-11 10:20:00,Tretes,2.0,221
2026-03-11 10:20:00,KarangKates,4.7,218
2026-03-11 10:20:00,Sawahan,2.4,262
2026-03-11 10:20:00,Tuban,11.4,307
2026-03-11 10:20:00,Pacitan,7.1,257
2026-03-11 10:20:00,Dhoho,5.3,161
2026-03-11 10:30:00,Juanda,6.0,290
2026-03-11 10:30:00,Perak,7.5,279
2026-03-11 10:30:00,Bawean,12.9,268
2026-03-11 10:30:00,Kalianget,4.5,281
2026-03-11 10:30:00,Banyuwangi,5.3,223
2026-03-11 10:30:00,KarangPloso,4.7,196
2026-03-11 10:30:00,Tretes,2.0,221
2026-03-11 10:30:00,KarangKates,1.9,225
2026-03-11 10:30:00,Sawahan,2.3,207
2026-03-11 10:30:00,Tuban,10.0,295
2026-03-11 10:30:00,Pacitan,6.5,266
2026-03-11 10:30:00,Dhoho,5.2,166
2026-03-11 10:40:00,Juanda,6.0,290
2026-03-11 10:40:00,Perak,6.8,291
2026-03-11 10:40:00,Bawean,12.9,268
2026-03-11 10:40:00,Kalianget,4.5,281
2026-03-11 10:40:00,Banyuwangi,5.3,223
2026-03-11 10:40:00,KarangPloso,4.7,196
2026-03-11 10:40:00,Tretes,4.1,204
2026-03-11 10:40:00,KarangKates,1.9,225
2026-03-11 10:40:00,Sawahan,2.3,207
2026-03-11 10:40:00,Tuban,10.0,295
2026-03-11 10:40:00,Pacitan,6.5,266
2026-03-11 10:40:00,Dhoho,5.2,166
2026-03-11 10:50:00,Juanda,6.0,290
2026-03-11 10:50:00,Perak,6.8,291
2026-03-11 10:50:00,Bawean,12.9,268
2026-03-11 10:50:00,Kalianget,4.5,281
2026-03-11 10:50:00,Banyuwangi,5.3,223
2026-03-11 10:50:00,KarangPloso,4.7,196
2026-03-11 10:50:00,Tretes,4.1,204
2026-03-11 10:50:00,KarangKates,1.9,225
2026-03-11 10:50:00,Sawahan,2.3,207
2026-03-11 10:50:00,Tuban,10.0,295
2026-03-11 10:50:00,Pacitan,6.5,266
2026-03-11 10:50:00,Dhoho,5.2,166
2026-03-11 11:00:00,Juanda,6.0,290
2026-03-11 11:00:00,Perak,6.0,190
2026-03-11 11:00:00,Bawean,12.9,268
2026-03-11 11:00:00,Kalianget,4.5,281
2026-03-11 11:00:00,Banyuwangi,5.3,223
2026-03-11 11:00:00,KarangPloso,4.7,196
2026-03-11 11:00:00,Tretes,4.1,204
2026-03-11 11:00:00,KarangKates,1.9,225
2026-03-11 11:00:00,Sawahan,2.3,207
2026-03-11 11:00:00,Tuban,10.0,295
2026-03-11 11:00:00,Pacitan,6.5,266
2026-03-11 11:00:00,Dhoho,5.2,166
2026-03-11 11:10:00,Juanda,6.0,290
2026-03-11 11:10:00,Perak,6.8,291
2026-03-11 11:10:00,Bawean,12.9,268
2026-03-11 11:10:00,Kalianget,4.5,281
2026-03-11 11:10:00,Banyuwangi,5.3,223
2026-03-11 11:10:00,KarangPloso,4.7,196
2026-03-11 11:10:00,Tretes,4.1,204
2026-03-11 11:10:00,KarangKates,1.9,225
2026-03-11 11:10:00,Sawahan,2.3,207
2026-03-11 11:10:00,Tuban,10.0,295
2026-03-11 11:10:00,Pacitan,6.5,266
2026-03-11 11:10:00,Dhoho,5.2,166
2026-03-11 11:20:00,Juanda,6.0,290
2026-03-11 11:20:00,Perak,6.8,291
2026-03-11 11:20:00,Bawean,12.9,268
2026-03-11 11:20:00,Kalianget,4.5,281
2026-03-11 11:20:00,Banyuwangi,5.3,223
2026-03-11 11:20:00,KarangPloso,4.7,196
2026-03-11 11:20:00,Tretes,4.1,204
2026-03-11 11:20:00,KarangKates,1.9,225
2026-03-11 11:20:00,Sawahan,2.3,207
2026-03-11 11:20:00,Tuban,10.0,295
2026-03-11 11:20:00,Pacitan,6.5,266
2026-03-11 11:20:00,Dhoho,5.2,166
2026-03-11 11:30:00,Juanda,5.0,230
2026-03-11 11:30:00,Perak,6.7,294
2026-03-11 11:30:00,Bawean,14.0,279
2026-03-11 11:30:00,Kalianget,4.5,281
2026-03-11 11:30:00,Banyuwangi,4.2,233
2026-03-11 11:30:00,KarangPloso,4.7,196
2026-03-11 11:30:00,Tretes,5.7,199
2026-03-11 11:30:00,KarangKates,0.6,319
2026-03-11 11:30:00,Sawahan,3.4,190
2026-03-11 11:30:00,Tuban,8.5,285
2026-03-11 11:30:00,Pacitan,5.5,268
2026-03-11 11:30:00,Dhoho,6.1,175
2026-03-11 11:40:00,Juanda,5.0,20
2026-03-11 11:40:00,Perak,6.7,294
2026-03-11 11:40:00,Bawean,14.0,279
2026-03-11 11:40:00,Kalianget,4.2,263
2026-03-11 11:40:00,Banyuwangi,4.2,233
2026-03-11 11:40:00,KarangPloso,4.2,203
2026-03-11 11:40:00,Tretes,5.7,199
2026-03-11 11:40:00,KarangKates,0.6,319
2026-03-11 11:40:00,Sawahan,3.4,190
2026-03-11 11:40:00,Tuban,8.5,285
2026-03-11 11:40:00,Pacitan,5.5,268
2026-03-11 11:40:00,Dhoho,6.1,175
2026-03-11 11:50:00,Juanda,4.7,268
2026-03-11 11:50:00,Perak,6.7,294
2026-03-11 11:50:00,Bawean,14.0,279
2026-03-11 11:50:00,Kalianget,4.2,263
2026-03-11 11:50:00,Banyuwangi,4.2,233
2026-03-11 11:50:00,KarangPloso,4.2,203
2026-03-11 11:50:00,Tretes,5.7,199
2026-03-11 11:50:00,KarangKates,0.6,319
2026-03-11 11:50:00,Sawahan,3.4,190
2026-03-11 11:50:00,Tuban,8.5,285
2026-03-11 11:50:00,Pacitan,5.5,268
2026-03-11 11:50:00,Dhoho,6.1,175
2026-03-11 12:00:00,Juanda,9.0,360
2026-03-11 12:00:00,Perak,6.7,294
2026-03-11 12:00:00,Bawean,14.0,279
2026-03-11 12:00:00,Kalianget,4.2,263
2026-03-11 12:00:00,Banyuwangi,4.2,233
2026-03-11 12:00:00,KarangPloso,4.2,203
2026-03-11 12:00:00,Tretes,5.7,199
2026-03-11 12:00:00,KarangKates,0.6,319
2026-03-11 12:00:00,Sawahan,3.4,190
2026-03-11 12:00:00,Tuban,8.5,285
2026-03-11 12:00:00,Pacitan,5.5,268
2026-03-11 12:00:00,Dhoho,6.1,175
2026-03-11 12:10:00,Juanda,4.7,268
2026-03-11 12:10:00,Perak,6.7,294
2026-03-11 12:10:00,Bawean,14.0,279
2026-03-11 12:10:00,Kalianget,4.2,263
2026-03-11 12:10:00,Banyuwangi,4.2,233
2026-03-11 12:10:00,KarangPloso,4.2,203
2026-03-11 12:10:00,Tretes,5.7,199
2026-03-11 12:10:00,KarangKates,0.6,319
2026-03-11 12:10:00,Sawahan,3.4,190
2026-03-11 12:10:00,Tuban,8.5,285
2026-03-11 12:10:00,Pacitan,5.5,268
2026-03-11 12:10:00,Dhoho,6.1,175
2026-03-11 12:20:00,Juanda,7.0,320
2026-03-11 12:20:00,Perak,6.7,294
2026-03-11 12:20:00,Bawean,14.0,279
2026-03-11 12:20:00,Kalianget,4.2,263
2026-03-11 12:20:00,Banyuwangi,4.2,233
2026-03-11 12:20:00,KarangPloso,4.2,203
2026-03-11 12:20:00,Tretes,5.7,199
2026-03-11 12:20:00,KarangKates,0.6,319
2026-03-11 12:20:00,Sawahan,3.4,190
2026-03-11 12:20:00,Tuban,8.5,285
2026-03-11 12:20:00,Pacitan,5.5,268
2026-03-11 12:20:00,Dhoho,6.1,175
2026-03-11 12:30:00,Juanda,7.0,320
2026-03-11 12:30:00,Perak,5.7,277
2026-03-11 12:30:00,Bawean,14.3,281
2026-03-11 12:30:00,Kalianget,3.9,252
2026-03-11 12:30:00,Banyuwangi,3.4,242
2026-03-11 12:30:00,KarangPloso,4.0,213
2026-03-11 12:30:00,Tretes,6.2,199
2026-03-11 12:30:00,KarangKates,1.5,9
2026-03-11 12:30:00,Sawahan,3.9,193
2026-03-11 12:30:00,Tuban,7.1,274
2026-03-11 12:30:00,Pacitan,5.1,266
2026-03-11 12:30:00,Dhoho,6.1,187
2026-03-11 12:40:00,Juanda,4.7,222
2026-03-11 12:40:00,Perak,5.7,277
2026-03-11 12:40:00,Bawean,14.3,281
2026-03-11 12:40:00,Kalianget,3.9,252
2026-03-11 12:40:00,Banyuwangi,3.4,242
2026-03-11 12:40:00,KarangPloso,4.0,213
2026-03-11 12:40:00,Tretes,6.2,199
2026-03-11 12:40:00,KarangKates,1.5,9
2026-03-11 12:40:00,Sawahan,3.9,193
2026-03-11 12:40:00,Tuban,7.1,274
2026-03-11 12:40:00,Pacitan,5.1,266
2026-03-11 12:40:00,Dhoho,6.1,187
2026-03-11 12:50:00,Juanda,4.7,222
2026-03-11 12:50:00,Perak,5.0,320
2026-03-11 12:50:00,Bawean,14.3,281
2026-03-11 12:50:00,Kalianget,3.9,252
2026-03-11 12:50:00,Banyuwangi,3.4,242
2026-03-11 12:50:00,KarangPloso,4.0,213
2026-03-11 12:50:00,Tretes,6.2,199
2026-03-11 12:50:00,KarangKates,1.5,9
2026-03-11 12:50:00,Sawahan,3.9,193
2026-03-11 12:50:00,Tuban,7.1,274
2026-03-11 12:50:00,Pacitan,5.1,266
2026-03-11 12:50:00,Dhoho,6.1,187
2026-03-11 13:00:00,Juanda,4.7,222
2026-03-11 13:00:00,Perak,5.7,277
2026-03-11 13:00:00,Bawean,14.3,281
2026-03-11 13:00:00,Kalianget,3.9,252
2026-03-11 13:00:00,Banyuwangi,3.4,242
2026-03-11 13:00:00,KarangPloso,4.0,213
2026-03-11 13:00:00,Tretes,6.2,199
2026-03-11 13:00:00,KarangKates,1.5,9
2026-03-11 13:00:00,Sawahan,3.9,193
2026-03-11 13:00:00,Tuban,7.1,274
2026-03-11 13:00:00,Pacitan,5.1,266
2026-03-11 13:00:00,Dhoho,6.1,187
2026-03-11 13:10:00,Juanda,4.7,222
2026-03-11 13:10:00,Perak,5.7,277
2026-03-11 13:10:00,Bawean,14.3,281
2026-03-11 13:10:00,Kalianget,3.9,252
2026-03-11 13:10:00,Banyuwangi,3.4,242
2026-03-11 13:10:00,KarangPloso,4.0,213
2026-03-11 13:10:00,Tretes,6.2,199
2026-03-11 13:10:00,KarangKates,1.5,9
2026-03-11 13:10:00,Sawahan,3.9,193
2026-03-11 13:10:00,Tuban,7.1,274
2026-03-11 13:10:00,Pacitan,5.1,266
2026-03-11 13:10:00,Dhoho,6.1,187
2026-03-11 13:20:00,Juanda,4.7,222
2026-03-11 13:20:00,Perak,5.7,277
2026-03-11 13:20:00,Bawean,14.3,281
2026-03-11 13:20:00,Kalianget,3.9,252
2026-03-11 13:20:00,Banyuwangi,3.4,242
2026-03-11 13:20:00,KarangPloso,4.0,213
2026-03-11 13:20:00,Tretes,6.2,199
2026-03-11 13:20:00,KarangKates,1.5,9
2026-03-11 13:20:00,Sawahan,3.9,193
2026-03-11 13:20:00,Tuban,7.1,274
2026-03-11 13:20:00,Pacitan,5.1,266
2026-03-11 13:20:00,Dhoho,6.1,187
2026-03-11 13:30:00,Juanda,4.7,222
2026-03-11 13:30:00,Perak,4.0,244
2026-03-11 13:30:00,Bawean,14.8,279
2026-03-11 13:30:00,Kalianget,4.2,262
2026-03-11 13:30:00,Banyuwangi,3.4,242
2026-03-11 13:30:00,KarangPloso,4.6,211
2026-03-11 13:30:00,Tretes,5.8,202
2026-03-11 13:30:00,KarangKates,2.5,31
2026-03-11 13:30:00,Sawahan,4.3,200
2026-03-11 13:30:00,Tuban,7.1,274
2026-03-11 13:30:00,Pacitan,5.1,266
2026-03-11 13:30:00,Dhoho,6.0,188
2026-03-11 13:40:00,Juanda,4.6,191
2026-03-11 13:40:00,Perak,4.0,244
2026-03-11 13:40:00,Bawean,14.8,279
2026-03-11 13:40:00,Kalianget,4.2,262
2026-03-11 13:40:00,Banyuwangi,3.1,221
2026-03-11 13:40:00,KarangPloso,4.6,211
2026-03-11 13:40:00,Tretes,5.8,202
2026-03-11 13:40:00,KarangKates,2.5,31
2026-03-11 13:40:00,Sawahan,4.3,200
2026-03-11 13:40:00,Tuban,5.2,264
2026-03-11 13:40:00,Pacitan,5.0,275
2026-03-11 13:40:00,Dhoho,6.0,188
2026-03-11 13:50:00,Juanda,4.6,191
2026-03-11 13:50:00,Perak,4.0,244
2026-03-11 13:50:00,Bawean,14.8,279
2026-03-11 13:50:00,Kalianget,4.2,262
2026-03-11 13:50:00,Banyuwangi,3.1,221
2026-03-11 13:50:00,KarangPloso,4.6,211
2026-03-11 13:50:00,Tretes,5.8,202
2026-03-11 13:50:00,KarangKates,2.5,31
2026-03-11 13:50:00,Sawahan,4.3,200
2026-03-11 13:50:00,Tuban,5.2,264
2026-03-11 13:50:00,Pacitan,5.0,275
2026-03-11 13:50:00,Dhoho,6.0,188
2026-03-11 14:00:00,Juanda,4.6,191
2026-03-11 14:00:00,Perak,4.0,244
2026-03-11 14:00:00,Bawean,14.8,279
2026-03-11 14:00:00,Kalianget,4.2,262
2026-03-11 14:00:00,Banyuwangi,3.1,221
2026-03-11 14:00:00,KarangPloso,4.6,211
2026-03-11 14:00:00,Tretes,5.8,202
2026-03-11 14:00:00,KarangKates,2.5,31
2026-03-11 14:00:00,Sawahan,4.3,200
2026-03-11 14:00:00,Tuban,5.2,264
2026-03-11 14:00:00,Pacitan,5.0,275
2026-03-11 14:00:00,Dhoho,6.0,188
2026-03-11 14:10:00,Juanda,4.6,191
2026-03-11 14:10:00,Perak,4.0,244
2026-03-11 14:10:00,Bawean,14.8,279
2026-03-11 14:10:00,Kalianget,4.2,262
2026-03-11 14:10:00,Banyuwangi,3.1,221
2026-03-11 14:10:00,KarangPloso,4.6,211
2026-03-11 14:10:00,Tretes,5.8,202
2026-03-11 14:10:00,KarangKates,2.5,31
2026-03-11 14:10:00,Sawahan,4.3,200
2026-03-11 14:10:00,Tuban,5.2,264
2026-03-11 14:10:00,Pacitan,5.0,275
2026-03-11 14:10:00,Dhoho,6.0,188
2026-03-11 14:20:00,Juanda,4.6,191
2026-03-11 14:20:00,Perak,4.0,244
2026-03-11 14:20:00,Bawean,14.8,279
2026-03-11 14:20:00,Kalianget,4.2,262
2026-03-11 14:20:00,Banyuwangi,3.1,221
2026-03-11 14:20:00,KarangPloso,4.6,211
2026-03-11 14:20:00,Tretes,5.8,202
2026-03-11 14:20:00,KarangKates,2.5,31
2026-03-11 14:20:00,Sawahan,4.3,200
2026-03-11 14:20:00,Tuban,5.2,264
2026-03-11 14:20:00,Pacitan,5.0,275
2026-03-11 14:20:00,Dhoho,6.0,188
2026-03-11 14:30:00,Juanda,4.6,191
2026-03-11 14:30:00,Perak,2.0,0
2026-03-11 14:30:00,Bawean,15.0,280
2026-03-11 14:30:00,Kalianget,4.2,262
2026-03-11 14:30:00,Banyuwangi,3.1,221
2026-03-11 14:30:00,KarangPloso,4.6,211
2026-03-11 14:30:00,Tretes,5.4,207
2026-03-11 14:30:00,KarangKates,2.4,25
2026-03-11 14:30:00,Sawahan,4.3,200
2026-03-11 14:30:00,Tuban,4.8,252
2026-03-11 14:30:00,Pacitan,5.0,288
2026-03-11 14:30:00,Dhoho,6.2,191
2026-03-11 14:40:00,Juanda,4.4,181
2026-03-11 14:40:00,Perak,3.2,211
2026-03-11 14:40:00,Bawean,15.0,280
2026-03-11 14:40:00,Kalianget,4.7,289
2026-03-11 14:40:00,Banyuwangi,2.7,237
2026-03-11 14:40:00,KarangPloso,4.6,214
2026-03-11 14:40:00,Tretes,5.4,207
2026-03-11 14:40:00,KarangKates,2.4,25
2026-03-11 14:40:00,Sawahan,4.1,195
2026-03-11 14:40:00,Tuban,4.8,252
2026-03-11 14:40:00,Pacitan,5.0,288
2026-03-11 14:40:00,Dhoho,6.2,191
2026-03-11 14:50:00,Juanda,4.4,181
2026-03-11 14:50:00,Perak,3.2,211
2026-03-11 14:50:00,Bawean,15.0,280
2026-03-11 14:50:00,Kalianget,4.7,289
2026-03-11 14:50:00,Banyuwangi,2.7,237
2026-03-11 14:50:00,KarangPloso,4.6,214
2026-03-11 14:50:00,Tretes,5.4,207
2026-03-11 14:50:00,KarangKates,2.4,25
2026-03-11 14:50:00,Sawahan,4.1,195
2026-03-11 14:50:00,Tuban,4.8,252
2026-03-11 14:50:00,Pacitan,5.0,288
2026-03-11 14:50:00,Dhoho,6.2,191
2026-03-11 15:00:00,Juanda,4.4,181
2026-03-11 15:00:00,Perak,3.2,211
2026-03-11 15:00:00,Bawean,15.0,280
2026-03-11 15:00:00,Kalianget,4.7,289
2026-03-11 15:00:00,Banyuwangi,2.7,237
2026-03-11 15:00:00,KarangPloso,4.6,214
2026-03-11 15:00:00,Tretes,5.4,207
2026-03-11 15:00:00,KarangKates,2.4,25
2026-03-11 15:00:00,Sawahan,4.1,195
2026-03-11 15:00:00,Tuban,4.8,252
2026-03-11 15:00:00,Pacitan,5.0,288
2026-03-11 15:00:00,Dhoho,6.2,191
2026-03-11 15:10:00,Juanda,4.4,181
2026-03-11 15:10:00,Perak,3.2,211
2026-03-11 15:10:00,Bawean,15.0,280
2026-03-11 15:10:00,Kalianget,4.7,289
2026-03-11 15:10:00,Banyuwangi,2.7,237
2026-03-11 15:10:00,KarangPloso,4.6,214
2026-03-11 15:10:00,Tretes,5.4,207
2026-03-11 15:10:00,KarangKates,2.4,25
2026-03-11 15:10:00,Sawahan,4.1,195
2026-03-11 15:10:00,Tuban,4.8,252
2026-03-11 15:10:00,Pacitan,5.0,288
2026-03-11 15:10:00,Dhoho,6.2,191
2026-03-11 15:20:00,Juanda,4.4,181
2026-03-11 15:20:00,Perak,3.2,211
2026-03-11 15:20:00,Bawean,15.0,280
2026-03-11 15:20:00,Kalianget,4.7,289
2026-03-11 15:20:00,Banyuwangi,2.7,237
2026-03-11 15:20:00,KarangPloso,4.6,214
2026-03-11 15:20:00,Tretes,5.4,207
2026-03-11 15:20:00,KarangKates,2.4,25
2026-03-11 15:20:00,Sawahan,4.1,195
2026-03-11 15:20:00,Tuban,4.8,252
2026-03-11 15:20:00,Pacitan,5.0,288
2026-03-11 15:20:00,Dhoho,6.2,191
2026-03-11 15:30:00,Juanda,4.4,197
2026-03-11 15:30:00,Perak,3.2,211
2026-03-11 15:30:00,Bawean,16.3,280
2026-03-11 15:30:00,Kalianget,4.2,301
2026-03-11 15:30:00,Banyuwangi,2.7,237
2026-03-11 15:30:00,KarangPloso,4.9,222
2026-03-11 15:30:00,Tretes,5.1,216
2026-03-11 15:30:00,KarangKates,2.4,25
2026-03-11 15:30:00,Sawahan,4.1,195
2026-03-11 15:30:00,Tuban,4.8,252
2026-03-11 15:30:00,Pacitan,5.5,289
2026-03-11 15:30:00,Dhoho,5.4,195
2026-03-11 15:40:00,Juanda,4.4,197
2026-03-11 15:40:00,Perak,3.2,221
2026-03-11 15:40:00,Bawean,16.3,280
2026-03-11 15:40:00,Kalianget,4.2,301
2026-03-11 15:40:00,Banyuwangi,3.1,236
2026-03-11 15:40:00,KarangPloso,4.9,222
2026-03-11 15:40:00,Tretes,5.1,216
2026-03-11 15:40:00,KarangKates,2.7,24
2026-03-11 15:40:00,Sawahan,3.8,199
2026-03-11 15:40:00,Tuban,7.4,247
2026-03-11 15:40:00,Pacitan,5.5,289
2026-03-11 15:40:00,Dhoho,5.4,195
2026-03-11 15:50:00,Juanda,4.4,197
2026-03-11 15:50:00,Perak,3.2,221
2026-03-11 15:50:00,Bawean,16.3,280
2026-03-11 15:50:00,Kalianget,4.2,301
2026-03-11 15:50:00,Banyuwangi,3.1,236
2026-03-11 15:50:00,KarangPloso,4.9,222
2026-03-11 15:50:00,Tretes,5.1,216
2026-03-11 15:50:00,KarangKates,2.7,24
2026-03-11 15:50:00,Sawahan,3.8,199
2026-03-11 15:50:00,Tuban,7.4,247
2026-03-11 15:50:00,Pacitan,5.5,289
2026-03-11 15:50:00,Dhoho,5.4,195
2026-03-11 16:00:00,Juanda,4.4,197
2026-03-11 16:00:00,Perak,3.2,221
2026-03-11 16:00:00,Bawean,16.3,280
2026-03-11 16:00:00,Kalianget,4.2,301
2026-03-11 16:00:00,Banyuwangi,3.1,236
2026-03-11 16:00:00,KarangPloso,4.9,222
2026-03-11 16:00:00,Tretes,5.1,216
2026-03-11 16:00:00,KarangKates,2.7,24
2026-03-11 16:00:00,Sawahan,3.8,199
2026-03-11 16:00:00,Tuban,7.4,247
2026-03-11 16:00:00,Pacitan,5.5,289
2026-03-11 16:00:00,Dhoho,5.4,195
2026-03-11 16:10:00,Juanda,4.4,197
2026-03-11 16:10:00,Perak,3.2,221
2026-03-11 16:10:00,Bawean,16.3,280
2026-03-11 16:10:00,Kalianget,4.2,301
2026-03-11 16:10:00,Banyuwangi,3.1,236
2026-03-11 16:10:00,KarangPloso,4.9,222
2026-03-11 16:10:00,Tretes,5.1,216
2026-03-11 16:10:00,KarangKates,2.7,24
2026-03-11 16:10:00,Sawahan,3.8,199
2026-03-11 16:10:00,Tuban,7.4,247
2026-03-11 16:10:00,Pacitan,5.5,289
2026-03-11 16:10:00,Dhoho,5.4,195
2026-03-11 16:20:00,Juanda,4.4,197
2026-03-11 16:20:00,Perak,3.2,221
2026-03-11 16:20:00,Bawean,16.3,280
2026-03-11 16:20:00,Kalianget,4.2,301
2026-03-11 16:20:00,Banyuwangi,3.1,236
2026-03-11 16:20:00,KarangPloso,4.9,222
2026-03-11 16:20:00,Tretes,5.1,216
2026-03-11 16:20:00,KarangKates,2.7,24
2026-03-11 16:20:00,Sawahan,3.8,199
2026-03-11 16:20:00,Tuban,7.4,247
2026-03-11 16:20:00,Pacitan,5.5,289
2026-03-11 16:20:00,Dhoho,5.4,195
2026-03-11 16:30:00,Juanda,3.5,211
2026-03-11 16:30:00,Perak,2.8,247
2026-03-11 16:30:00,Bawean,15.8,270
2026-03-11 16:30:00,Kalianget,4.8,308
2026-03-11 16:30:00,Banyuwangi,2.4,219
2026-03-11 16:30:00,KarangPloso,4.9,222
2026-03-11 16:30:00,Tretes,4.8,211
2026-03-11 16:30:00,KarangKates,2.3,39
2026-03-11 16:30:00,Sawahan,3.6,205
2026-03-11 16:30:00,Tuban,7.9,231
2026-03-11 16:30:00,Pacitan,5.5,289
2026-03-11 16:30:00,Dhoho,5.4,195
2026-03-11 16:40:00,Juanda,3.5,211
2026-03-11 16:40:00,Perak,2.8,247
2026-03-11 16:40:00,Bawean,15.8,270
2026-03-11 16:40:00,Kalianget,4.8,308
2026-03-11 16:40:00,Banyuwangi,2.4,219
2026-03-11 16:40:00,KarangPloso,4.5,217
2026-03-11 16:40:00,Tretes,4.8,211
2026-03-11 16:40:00,KarangKates,2.3,39
2026-03-11 16:40:00,Sawahan,3.6,205
2026-03-11 16:40:00,Tuban,7.9,231
2026-03-11 16:40:00,Pacitan,5.3,297
2026-03-11 16:40:00,Dhoho,4.4,206
2026-03-11 16:50:00,Juanda,3.5,211
2026-03-11 16:50:00,Perak,2.8,247
2026-03-11 16:50:00,Bawean,15.8,270
2026-03-11 16:50:00,Kalianget,4.8,308
2026-03-11 16:50:00,Banyuwangi,2.4,219
2026-03-11 16:50:00,KarangPloso,4.5,217
2026-03-11 16:50:00,Tretes,4.8,211
2026-03-11 16:50:00,KarangKates,2.3,39
2026-03-11 16:50:00,Sawahan,3.6,205
2026-03-11 16:50:00,Tuban,7.9,231
2026-03-11 16:50:00,Pacitan,5.3,297
2026-03-11 16:50:00,Dhoho,4.4,206
2026-03-11 17:00:00,Juanda,3.5,211
2026-03-11 17:00:00,Perak,2.8,247
2026-03-11 17:00:00,Bawean,15.8,270
2026-03-11 17:00:00,Kalianget,4.8,308
2026-03-11 17:00:00,Banyuwangi,2.4,219
2026-03-11 17:00:00,KarangPloso,4.5,217
2026-03-11 17:00:00,Tretes,4.8,211
2026-03-11 17:00:00,KarangKates,2.3,39
2026-03-11 17:00:00,Sawahan,3.6,205
2026-03-11 17:00:00,Tuban,7.9,231
2026-03-11 17:00:00,Pacitan,5.3,297
2026-03-11 17:00:00,Dhoho,4.4,206
2026-03-11 17:10:00,Juanda,3.5,211
2026-03-11 17:10:00,Perak,2.8,247
2026-03-11 17:10:00,Bawean,15.8,270
2026-03-11 17:10:00,Kalianget,4.8,308
2026-03-11 17:10:00,Banyuwangi,2.4,219
2026-03-11 17:10:00,KarangPloso,4.5,217
2026-03-11 17:10:00,Tretes,4.8,211
2026-03-11 17:10:00,KarangKates,2.3,39
2026-03-11 17:10:00,Sawahan,3.6,205
2026-03-11 17:10:00,Tuban,7.9,231
2026-03-11 17:10:00,Pacitan,5.3,297
2026-03-11 17:10:00,Dhoho,4.4,206
2026-03-11 17:20:00,Juanda,3.5,211
2026-03-11 17:20:00,Perak,2.8,247
2026-03-11 17:20:00,Bawean,15.8,270
2026-03-11 17:20:00,Kalianget,4.8,308
2026-03-11 17:20:00,Banyuwangi,2.4,219
2026-03-11 17:20:00,KarangPloso,4.5,217
2026-03-11 17:20:00,Tretes,4.8,211
2026-03-11 17:20:00,KarangKates,2.3,39
2026-03-11 17:20:00,Sawahan,3.6,205
2026-03-11 17:20:00,Tuban,7.9,231
2026-03-11 17:20:00,Pacitan,5.3,297
2026-03-11 17:20:00,Dhoho,4.4,206
2026-03-11 17:30:00,Juanda,3.3,240
2026-03-11 17:30:00,Perak,3.9,275
2026-03-11 17:30:00,Bawean,15.8,270
2026-03-11 17:30:00,Kalianget,4.7,304
2026-03-11 17:30:00,Banyuwangi,2.2,236
2026-03-11 17:30:00,KarangPloso,4.5,221
2026-03-11 17:30:00,Tretes,4.8,211
2026-03-11 17:30:00,KarangKates,2.3,39
2026-03-11 17:30:00,Sawahan,3.6,205
2026-03-11 17:30:00,Tuban,7.9,231
2026-03-11 17:30:00,Pacitan,5.9,303
2026-03-11 17:30:00,Dhoho,4.4,207
2026-03-11 17:40:00,Juanda,3.3,240
2026-03-11 17:40:00,Perak,3.9,275
2026-03-11 17:40:00,Bawean,15.1,266
2026-03-11 17:40:00,Kalianget,4.7,304
2026-03-11 17:40:00,Banyuwangi,2.2,236
2026-03-11 17:40:00,KarangPloso,4.5,221
2026-03-11 17:40:00,Tretes,4.9,214
2026-03-11 17:40:00,KarangKates,1.9,26
2026-03-11 17:40:00,Sawahan,4.1,199
2026-03-11 17:40:00,Tuban,7.5,231
2026-03-11 17:40:00,Pacitan,5.9,303
2026-03-11 17:40:00,Dhoho,4.4,207
2026-03-11 17:50:00,Juanda,3.3,240
2026-03-11 17:50:00,Perak,3.9,275
2026-03-11 17:50:00,Bawean,15.1,266
2026-03-11 17:50:00,Kalianget,4.7,304
2026-03-11 17:50:00,Banyuwangi,2.2,236
2026-03-11 17:50:00,KarangPloso,4.5,221
2026-03-11 17:50:00,Tretes,4.9,214
2026-03-11 17:50:00,KarangKates,1.9,26
2026-03-11 17:50:00,Sawahan,4.1,199
2026-03-11 17:50:00,Tuban,7.5,231
2026-03-11 17:50:00,Pacitan,5.9,303
2026-03-11 17:50:00,Dhoho,4.4,207
2026-03-11 18:00:00,Juanda,3.3,240
2026-03-11 18:00:00,Perak,3.9,275
2026-03-11 18:00:00,Bawean,15.1,266
2026-03-11 18:00:00,Kalianget,4.7,304
2026-03-11 18:00:00,Banyuwangi,2.2,236
2026-03-11 18:00:00,KarangPloso,4.5,221
2026-03-11 18:00:00,Tretes,4.9,214
2026-03-11 18:00:00,KarangKates,1.9,26
2026-03-11 18:00:00,Sawahan,4.1,199
2026-03-11 18:00:00,Tuban,7.5,231
2026-03-11 18:00:00,Pacitan,5.9,303
2026-03-11 18:00:00,Dhoho,4.4,207
2026-03-11 18:10:00,Juanda,3.3,240
2026-03-11 18:10:00,Perak,3.9,275
2026-03-11 18:10:00,Bawean,15.1,266
2026-03-11 18:10:00,Kalianget,4.7,304
2026-03-11 18:10:00,Banyuwangi,2.2,236
2026-03-11 18:10:00,KarangPloso,4.5,221
2026-03-11 18:10:00,Tretes,4.9,214
2026-03-11 18:10:00,KarangKates,1.9,26
2026-03-11 18:10:00,Sawahan,4.1,199
2026-03-11 18:10:00,Tuban,7.5,231
2026-03-11 18:10:00,Pacitan,5.9,303
2026-03-11 18:10:00,Dhoho,4.4,207
2026-03-11 18:20:00,Juanda,3.3,240
2026-03-11 18:20:00,Perak,3.9,275
2026-03-11 18:20:00,Bawean,15.1,266
2026-03-11 18:20:00,Kalianget,4.7,304
2026-03-11 18:20:00,Banyuwangi,2.2,236
2026-03-11 18:20:00,KarangPloso,4.5,221
2026-03-11 18:20:00,Tretes,4.9,214
2026-03-11 18:20:00,KarangKates,1.9,26
2026-03-11 18:20:00,Sawahan,4.1,199
2026-03-11 18:20:00,Tuban,7.5,231
2026-03-11 18:20:00,Pacitan,5.9,303
2026-03-11 18:20:00,Dhoho,4.4,207
2026-03-11 18:30:00,Juanda,4.0,259
2026-03-11 18:30:00,Perak,4.5,269
2026-03-11 18:30:00,Bawean,15.1,266
2026-03-11 18:30:00,Kalianget,4.7,304
2026-03-11 18:30:00,Banyuwangi,2.2,236
2026-03-11 18:30:00,KarangPloso,4.7,218
2026-03-11 18:30:00,Tretes,5.0,216
2026-03-11 18:30:00,KarangKates,1.0,29
2026-03-11 18:30:00,Sawahan,4.0,204
2026-03-11 18:30:00,Tuban,7.5,231
2026-03-11 18:30:00,Pacitan,5.9,303
2026-03-11 18:30:00,Dhoho,4.8,201
2026-03-11 18:40:00,Juanda,4.0,259
2026-03-11 18:40:00,Perak,4.5,269
2026-03-11 18:40:00,Bawean,14.7,264
2026-03-11 18:40:00,Kalianget,4.9,299
2026-03-11 18:40:00,Banyuwangi,2.2,225
2026-03-11 18:40:00,KarangPloso,4.7,218
2026-03-11 18:40:00,Tretes,5.0,216
2026-03-11 18:40:00,KarangKates,1.0,29
2026-03-11 18:40:00,Sawahan,4.0,204
2026-03-11 18:40:00,Tuban,8.4,246
2026-03-11 18:40:00,Pacitan,5.7,302
2026-03-11 18:40:00,Dhoho,4.8,201
2026-03-11 18:50:00,Juanda,4.0,259
2026-03-11 18:50:00,Perak,4.5,269
2026-03-11 18:50:00,Bawean,14.7,264
2026-03-11 18:50:00,Kalianget,4.9,299
2026-03-11 18:50:00,Banyuwangi,2.2,225
2026-03-11 18:50:00,KarangPloso,4.7,218
2026-03-11 18:50:00,Tretes,5.0,216
2026-03-11 18:50:00,KarangKates,1.0,29
2026-03-11 18:50:00,Sawahan,4.0,204
2026-03-11 18:50:00,Tuban,8.4,246
2026-03-11 18:50:00,Pacitan,5.7,302
2026-03-11 18:50:00,Dhoho,4.8,201
2026-03-11 19:00:00,Juanda,4.0,259
2026-03-11 19:00:00,Perak,4.5,269
2026-03-11 19:00:00,Bawean,14.7,264
2026-03-11 19:00:00,Kalianget,4.9,299
2026-03-11 19:00:00,Banyuwangi,2.2,225
2026-03-11 19:00:00,KarangPloso,4.7,218
2026-03-11 19:00:00,Tretes,5.0,216
2026-03-11 19:00:00,KarangKates,1.0,29
2026-03-11 19:00:00,Sawahan,4.0,204
2026-03-11 19:00:00,Tuban,8.4,246
2026-03-11 19:00:00,Pacitan,5.7,302
2026-03-11 19:00:00,Dhoho,4.8,201
2026-03-11 19:10:00,Juanda,5.0,150
2026-03-11 19:10:00,Perak,4.5,269
2026-03-11 19:10:00,Bawean,14.7,264
2026-03-11 19:10:00,Kalianget,4.9,299
2026-03-11 19:10:00,Banyuwangi,2.2,225
2026-03-11 19:10:00,KarangPloso,4.7,218
2026-03-11 19:10:00,Tretes,5.0,216
2026-03-11 19:10:00,KarangKates,1.0,29
2026-03-11 19:10:00,Sawahan,4.0,204
2026-03-11 19:10:00,Tuban,8.4,246
2026-03-11 19:10:00,Pacitan,5.7,302
2026-03-11 19:10:00,Dhoho,4.8,201
2026-03-11 19:20:00,Juanda,4.0,259
2026-03-11 19:20:00,Perak,4.5,269
2026-03-11 19:20:00,Bawean,14.7,264
2026-03-11 19:20:00,Kalianget,4.9,299
2026-03-11 19:20:00,Banyuwangi,2.2,225
2026-03-11 19:20:00,KarangPloso,4.7,218
2026-03-11 19:20:00,Tretes,5.0,216
2026-03-11 19:20:00,KarangKates,1.0,29
2026-03-11 19:20:00,Sawahan,4.0,204
2026-03-11 19:20:00,Tuban,8.4,246
2026-03-11 19:20:00,Pacitan,5.7,302
2026-03-11 19:20:00,Dhoho,4.8,201
2026-03-11 19:30:00,Juanda,3.0,264
2026-03-11 19:30:00,Perak,4.3,266
2026-03-11 19:30:00,Bawean,14.4,261
2026-03-11 19:30:00,Kalianget,3.2,274
2026-03-11 19:30:00,Banyuwangi,2.4,247
2026-03-11 19:30:00,KarangPloso,4.8,216
2026-03-11 19:30:00,Tretes,5.1,211
2026-03-11 19:30:00,KarangKates,1.0,29
2026-03-11 19:30:00,Sawahan,3.9,205
2026-03-11 19:30:00,Tuban,8.4,246
2026-03-11 19:30:00,Pacitan,5.1,309
2026-03-11 19:30:00,Dhoho,4.6,201
2026-03-11 19:40:00,Juanda,3.0,264
2026-03-11 19:40:00,Perak,4.3,266
2026-03-11 19:40:00,Bawean,14.4,261
2026-03-11 19:40:00,Kalianget,3.2,274
2026-03-11 19:40:00,Banyuwangi,2.4,247
2026-03-11 19:40:00,KarangPloso,4.8,216
2026-03-11 19:40:00,Tretes,5.1,211
2026-03-11 19:40:00,KarangKates,1.9,45
2026-03-11 19:40:00,Sawahan,3.9,205
2026-03-11 19:40:00,Tuban,10.5,241
2026-03-11 19:40:00,Pacitan,5.1,309
2026-03-11 19:40:00,Dhoho,4.6,201
2026-03-11 19:50:00,Juanda,3.0,264
2026-03-11 19:50:00,Perak,2.0,0
2026-03-11 19:50:00,Bawean,14.4,261
2026-03-11 19:50:00,Kalianget,3.2,274
2026-03-11 19:50:00,Banyuwangi,2.4,247
2026-03-11 19:50:00,KarangPloso,4.8,216
2026-03-11 19:50:00,Tretes,5.1,211
2026-03-11 19:50:00,KarangKates,1.9,45
2026-03-11 19:50:00,Sawahan,3.9,205
2026-03-11 19:50:00,Tuban,10.5,241
2026-03-11 19:50:00,Pacitan,5.1,309
2026-03-11 19:50:00,Dhoho,4.6,201
2026-03-11 20:00:00,Juanda,3.0,264
2026-03-11 20:00:00,Perak,4.3,266
2026-03-11 20:00:00,Bawean,14.4,261
2026-03-11 20:00:00,Kalianget,3.2,274
2026-03-11 20:00:00,Banyuwangi,2.4,247
2026-03-11 20:00:00,KarangPloso,4.8,216
2026-03-11 20:00:00,Tretes,5.1,211
2026-03-11 20:00:00,KarangKates,1.9,45
2026-03-11 20:00:00,Sawahan,3.9,205
2026-03-11 20:00:00,Tuban,10.5,241
2026-03-11 20:00:00,Pacitan,5.1,309
2026-03-11 20:00:00,Dhoho,4.6,201
2026-03-11 20:10:00,Juanda,3.0,264
2026-03-11 20:10:00,Perak,4.3,266
2026-03-11 20:10:00,Bawean,14.4,261
2026-03-11 20:10:00,Kalianget,3.2,274
2026-03-11 20:10:00,Banyuwangi,2.4,247
2026-03-11 20:10:00,KarangPloso,4.8,216
2026-03-11 20:10:00,Tretes,5.1,211
2026-03-11 20:10:00,KarangKates,1.9,45
2026-03-11 20:10:00,Sawahan,3.9,205
2026-03-11 20:10:00,Tuban,10.5,241
2026-03-11 20:10:00,Pacitan,5.1,309
2026-03-11 20:10:00,Dhoho,4.6,201
2026-03-11 20:20:00,Juanda,3.0,264
2026-03-11 20:20:00,Perak,4.3,266
2026-03-11 20:20:00,Bawean,14.4,261
2026-03-11 20:20:00,Kalianget,3.2,274
2026-03-11 20:20:00,Banyuwangi,2.4,247
2026-03-11 20:20:00,KarangPloso,4.8,216
2026-03-11 20:20:00,Tretes,5.1,211
2026-03-11 20:20:00,KarangKates,1.9,45
2026-03-11 20:20:00,Sawahan,3.9,205
2026-03-11 20:20:00,Tuban,10.5,241
2026-03-11 20:20:00,Pacitan,5.1,309
2026-03-11 20:20:00,Dhoho,4.6,201
2026-03-11 20:30:00,Juanda,4.2,272
2026-03-11 20:30:00,Perak,6.0,263
2026-03-11 20:30:00,Bawean,14.4,261
2026-03-11 20:30:00,Kalianget,3.4,244
2026-03-11 20:30:00,Banyuwangi,2.4,247
2026-03-11 20:30:00,KarangPloso,4.6,210
2026-03-11 20:30:00,Tretes,4.6,211
2026-03-11 20:30:00,KarangKates,1.9,45
2026-03-11 20:30:00,Sawahan,3.9,205
2026-03-11 20:30:00,Tuban,10.5,241
2026-03-11 20:30:00,Pacitan,5.1,309
2026-03-11 20:30:00,Dhoho,4.5,212
2026-03-11 20:40:00,Juanda,2.0,0
2026-03-11 20:40:00,Perak,6.0,263
2026-03-11 20:40:00,Bawean,14.6,257
2026-03-11 20:40:00,Kalianget,3.4,244
2026-03-11 20:40:00,Banyuwangi,2.3,237
2026-03-11 20:40:00,KarangPloso,4.6,210
2026-03-11 20:40:00,Tretes,4.6,211
2026-03-11 20:40:00,KarangKates,1.3,60
2026-03-11 20:40:00,Sawahan,4.0,208
2026-03-11 20:40:00,Tuban,10.0,249
2026-03-11 20:40:00,Pacitan,5.3,306
2026-03-11 20:40:00,Dhoho,4.5,212
2026-03-11 20:50:00,Juanda,4.2,272
2026-03-11 20:50:00,Perak,6.0,263
2026-03-11 20:50:00,Bawean,14.6,257
2026-03-11 20:50:00,Kalianget,3.4,244
2026-03-11 20:50:00,Banyuwangi,2.3,237
2026-03-11 20:50:00,KarangPloso,4.6,210
2026-03-11 20:50:00,Tretes,4.6,211
2026-03-11 20:50:00,KarangKates,1.3,60
2026-03-11 20:50:00,Sawahan,4.0,208
2026-03-11 20:50:00,Tuban,10.0,249
2026-03-11 20:50:00,Pacitan,5.3,306
2026-03-11 20:50:00,Dhoho,4.5,212
2026-03-11 21:00:00,Juanda,4.2,272
2026-03-11 21:00:00,Perak,6.0,263
2026-03-11 21:00:00,Bawean,14.6,257
2026-03-11 21:00:00,Kalianget,3.4,244
2026-03-11 21:00:00,Banyuwangi,2.3,237
2026-03-11 21:00:00,KarangPloso,4.6,210
2026-03-11 21:00:00,Tretes,4.6,211
2026-03-11 21:00:00,KarangKates,1.3,60
2026-03-11 21:00:00,Sawahan,4.0,208
2026-03-11 21:00:00,Tuban,10.0,249
2026-03-11 21:00:00,Pacitan,5.3,306
2026-03-11 21:00:00,Dhoho,4.5,212
2026-03-11 21:10:00,Juanda,4.2,272
2026-03-11 21:10:00,Perak,6.0,263
2026-03-11 21:10:00,Bawean,14.6,257
2026-03-11 21:10:00,Kalianget,3.4,244
2026-03-11 21:10:00,Banyuwangi,2.3,237
2026-03-11 21:10:00,KarangPloso,4.6,210
2026-03-11 21:10:00,Tretes,4.6,211
2026-03-11 21:10:00,KarangKates,1.3,60
2026-03-11 21:10:00,Sawahan,4.0,208
2026-03-11 21:10:00,Tuban,10.0,249
2026-03-11 21:10:00,Pacitan,5.3,306
2026-03-11 21:10:00,Dhoho,4.5,212
2026-03-11 21:20:00,Juanda,4.2,272
2026-03-11 21:20:00,Perak,6.0,263
2026-03-11 21:20:00,Bawean,14.6,257
2026-03-11 21:20:00,Kalianget,3.4,244
2026-03-11 21:20:00,Banyuwangi,2.3,237
2026-03-11 21:20:00,KarangPloso,4.6,210
2026-03-11 21:20:00,Tretes,4.6,211
2026-03-11 21:20:00,KarangKates,1.3,60
2026-03-11 21:20:00,Sawahan,4.0,208
2026-03-11 21:20:00,Tuban,10.0,249
2026-03-11 21:20:00,Pacitan,5.3,306
2026-03-11 21:20:00,Dhoho,4.5,212
2026-03-11 21:30:00,Juanda,3.8,255
2026-03-11 21:30:00,Perak,5.5,264
2026-03-11 21:30:00,Bawean,14.6,257
2026-03-11 21:30:00,Kalianget,4.4,224
2026-03-11 21:30:00,Banyuwangi,2.8,224
2026-03-11 21:30:00,KarangPloso,4.8,213
2026-03-11 21:30:00,Tretes,4.6,211
2026-03-11 21:30:00,KarangKates,2.6,50
2026-03-11 21:30:00,Sawahan,4.0,208
2026-03-11 21:30:00,Tuban,10.0,249
2026-03-11 21:30:00,Pacitan,5.3,306
2026-03-11 21:30:00,Dhoho,4.5,212
2026-03-11 21:40:00,Juanda,3.8,255
2026-03-11 21:40:00,Perak,5.5,264
2026-03-11 21:40:00,Bawean,13.9,258
2026-03-11 21:40:00,Kalianget,4.4,224
2026-03-11 21:40:00,Banyuwangi,2.8,224
2026-03-11 21:40:00,KarangPloso,4.8,213
2026-03-11 21:40:00,Tretes,4.9,210
2026-03-11 21:40:00,KarangKates,2.6,50
2026-03-11 21:40:00,Sawahan,3.7,199
2026-03-11 21:40:00,Tuban,9.4,246
2026-03-11 21:40:00,Pacitan,5.2,297
2026-03-11 21:40:00,Dhoho,4.6,203
2026-03-11 21:50:00,Juanda,3.8,255
2026-03-11 21:50:00,Perak,5.5,264
2026-03-11 21:50:00,Bawean,13.9,258
2026-03-11 21:50:00,Kalianget,4.4,224
2026-03-11 21:50:00,Banyuwangi,2.8,224
2026-03-11 21:50:00,KarangPloso,4.8,213
2026-03-11 21:50:00,Tretes,4.9,210
2026-03-11 21:50:00,KarangKates,2.6,50
2026-03-11 21:50:00,Sawahan,3.7,199
2026-03-11 21:50:00,Tuban,9.4,246
2026-03-11 21:50:00,Pacitan,5.2,297
2026-03-11 21:50:00,Dhoho,4.6,203
2026-03-11 22:00:00,Juanda,3.8,255
2026-03-11 22:00:00,Perak,5.5,264
2026-03-11 22:00:00,Bawean,13.9,258
2026-03-11 22:00:00,Kalianget,4.4,224
2026-03-11 22:00:00,Banyuwangi,2.8,224
2026-03-11 22:00:00,KarangPloso,4.8,213
2026-03-11 22:00:00,Tretes,4.9,210
2026-03-11 22:00:00,KarangKates,2.6,50
2026-03-11 22:00:00,Sawahan,3.7,199
2026-03-11 22:00:00,Tuban,9.4,246
2026-03-11 22:00:00,Pacitan,5.2,297
2026-03-11 22:00:00,Dhoho,4.6,203
2026-03-11 22:10:00,Juanda,3.8,255
2026-03-11 22:10:00,Perak,5.5,264
2026-03-11 22:10:00,Bawean,13.9,258
2026-03-11 22:10:00,Kalianget,4.4,224
2026-03-11 22:10:00,Banyuwangi,2.8,224
2026-03-11 22:10:00,KarangPloso,4.8,213
2026-03-11 22:10:00,Tretes,4.9,210
2026-03-11 22:10:00,KarangKates,2.6,50
2026-03-11 22:10:00,Sawahan,3.7,199
2026-03-11 22:10:00,Tuban,9.4,246
2026-03-11 22:10:00,Pacitan,5.2,297
2026-03-11 22:10:00,Dhoho,4.6,203
2026-03-11 22:20:00,Juanda,3.8,255
2026-03-11 22:20:00,Perak,5.5,264
2026-03-11 22:20:00,Bawean,13.9,258
2026-03-11 22:20:00,Kalianget,4.4,224
2026-03-11 22:20:00,Banyuwangi,2.8,224
2026-03-11 22:20:00,KarangPloso,4.8,213
2026-03-11 22:20:00,Tretes,4.9,210
2026-03-11 22:20:00,KarangKates,2.6,50
2026-03-11 22:20:00,Sawahan,3.7,199
2026-03-11 22:20:00,Tuban,9.4,246
2026-03-11 22:20:00,Pacitan,5.2,297
2026-03-11 22:20:00,Dhoho,4.6,203
2026-03-11 22:30:00,Juanda,3.2,264
2026-03-11 22:30:00,Perak,5.0,266
2026-03-11 22:30:00,Bawean,13.5,265
2026-03-11 22:30:00,Kalianget,4.9,241
2026-03-11 22:30:00,Banyuwangi,2.8,224
2026-03-11 22:30:00,KarangPloso,4.8,213
2026-03-11 22:30:00,Tretes,4.9,210
2026-03-11 22:30:00,KarangKates,2.6,50
2026-03-11 22:30:00,Sawahan,3.3,208
2026-03-11 22:30:00,Tuban,9.3,242
2026-03-11 22:30:00,Pacitan,5.7,298
2026-03-11 22:30:00,Dhoho,4.7,210
2026-03-11 22:40:00,Juanda,3.2,264
2026-03-11 22:40:00,Perak,5.0,266
2026-03-11 22:40:00,Bawean,13.5,265
2026-03-11 22:40:00,Kalianget,4.9,241
2026-03-11 22:40:00,Banyuwangi,2.7,227
2026-03-11 22:40:00,KarangPloso,4.6,213
2026-03-11 22:40:00,Tretes,4.5,211
2026-03-11 22:40:00,KarangKates,2.7,47
2026-03-11 22:40:00,Sawahan,3.3,208
2026-03-11 22:40:00,Tuban,9.3,242
2026-03-11 22:40:00,Pacitan,5.7,298
2026-03-11 22:40:00,Dhoho,4.7,210
2026-03-11 22:50:00,Juanda,3.0,310
2026-03-11 22:50:00,Perak,5.0,266
2026-03-11 22:50:00,Bawean,13.5,265
2026-03-11 22:50:00,Kalianget,4.9,241
2026-03-11 22:50:00,Banyuwangi,2.7,227
2026-03-11 22:50:00,KarangPloso,4.6,213
2026-03-11 22:50:00,Tretes,4.5,211
2026-03-11 22:50:00,KarangKates,2.7,47
2026-03-11 22:50:00,Sawahan,3.3,208
2026-03-11 22:50:00,Tuban,9.3,242
2026-03-11 22:50:00,Pacitan,5.7,298
2026-03-11 22:50:00,Dhoho,4.7,210
2026-03-11 23:00:00,Juanda,3.0,310
2026-03-11 23:00:00,Perak,5.0,266
2026-03-11 23:00:00,Bawean,13.5,265
2026-03-11 23:00:00,Kalianget,4.9,241
2026-03-11 23:00:00,Banyuwangi,2.7,227
2026-03-11 23:00:00,KarangPloso,4.6,213
2026-03-11 23:00:00,Tretes,4.5,211
2026-03-11 23:00:00,KarangKates,2.7,47
2026-03-11 23:00:00,Sawahan,3.3,208
2026-03-11 23:00:00,Tuban,9.3,242
2026-03-11 23:00:00,Pacitan,5.7,298
2026-03-11 23:00:00,Dhoho,4.7,210
2026-03-11 23:10:00,Juanda,3.2,264
2026-03-11 23:10:00,Perak,5.0,266
2026-03-11 23:10:00,Bawean,13.5,265
2026-03-11 23:10:00,Kalianget,4.9,241
2026-03-11 23:10:00,Banyuwangi,2.7,227
2026-03-11 23:10:00,KarangPloso,4.6,213
2026-03-11 23:10:00,Tretes,4.5,211
2026-03-11 23:10:00,KarangKates,2.7,47
2026-03-11 23:10:00,Sawahan,3.3,208
2026-03-11 23:10:00,Tuban,9.3,242
2026-03-11 23:10:00,Pacitan,5.7,298
2026-03-11 23:10:00,Dhoho,4.7,210
2026-03-11 23:20:00,Juanda,3.2,264
2026-03-11 23:20:00,Perak,5.0,266
2026-03-11 23:20:00,Bawean,13.5,265
2026-03-11 23:20:00,Kalianget,4.9,241
2026-03-11 23:20:00,Banyuwangi,2.7,227
2026-03-11 23:20:00,KarangPloso,4.6,213
2026-03-11 23:20:00,Tretes,4.5,211
2026-03-11 23:20:00,KarangKates,2.7,47
2026-03-11 23:20:00,Sawahan,3.3,208
2026-03-11 23:20:00,Tuban,9.3,242
2026-03-11 23:20:00,Pacitan,5.7,298
2026-03-11 23:20:00,Dhoho,4.7,210
2026-03-11 23:30:00,Juanda,5.0,300
2026-03-11 23:30:00,Perak,5.7,270
2026-03-11 23:30:00,Bawean,13.5,265
2026-03-11 23:30:00,Kalianget,4.6,250
2026-03-11 23:30:00,Banyuwangi,3.5,205
2026-03-11 23:30:00,KarangPloso,4.6,213
2026-03-11 23:30:00,Tretes,3.4,213
2026-03-11 23:30:00,KarangKates,0.7,20
2026-03-11 23:30:00,Sawahan,2.8,217
2026-03-11 23:30:00,Tuban,9.3,242
2026-03-11 23:30:00,Pacitan,6.2,295
2026-03-11 23:30:00,Dhoho,4.7,210
2026-03-11 23:40:00,Juanda,4.0,280
2026-03-11 23:40:00,Perak,5.7,270
2026-03-11 23:40:00,Bawean,14.5,269
2026-03-11 23:40:00,Kalianget,4.6,250
2026-03-11 23:40:00,Banyuwangi,3.5,205
2026-03-11 23:40:00,KarangPloso,5.2,209
2026-03-11 23:40:00,Tretes,3.4,213
2026-03-11 23:40:00,KarangKates,0.7,20
2026-03-11 23:40:00,Sawahan,2.8,217
2026-03-11 23:40:00,Tuban,10.2,240
2026-03-11 23:40:00,Pacitan,6.2,295
2026-03-11 23:40:00,Dhoho,4.6,194
2026-03-11 23:50:00,Juanda,4.0,280
2026-03-11 23:50:00,Perak,5.7,270
2026-03-11 23:50:00,Bawean,14.5,269
2026-03-11 23:50:00,Kalianget,4.6,250
2026-03-11 23:50:00,Banyuwangi,3.5,205
2026-03-11 23:50:00,KarangPloso,5.2,209
2026-03-11 23:50:00,Tretes,3.4,213
2026-03-11 23:50:00,KarangKates,0.7,20
2026-03-11 23:50:00,Sawahan,2.8,217
2026-03-11 23:50:00,Tuban,10.2,240
2026-03-11 23:50:00,Pacitan,6.2,295
2026-03-11 23:50:00,Dhoho,4.6,194
2026-03-12 00:00:00,Juanda,4.0,280
2026-03-12 00:00:00,Perak,5.7,270
2026-03-12 00:00:00,Bawean,14.5,269
2026-03-12 00:00:00,Kalianget,4.6,250
2026-03-12 00:00:00,Banyuwangi,3.5,205
2026-03-12 00:00:00,KarangPloso,5.2,209
2026-03-12 00:00:00,Tretes,3.4,213
2026-03-12 00:00:00,KarangKates,0.7,20
2026-03-12 00:00:00,Sawahan,2.8,217
2026-03-12 00:00:00,Tuban,10.2,240
2026-03-12 00:00:00,Pacitan,6.2,295
2026-03-12 00:00:00,Dhoho,4.6,194
2026-03-12 00:10:00,Juanda,4.0,280
2026-03-12 00:10:00,Perak,5.7,270
2026-03-12 00:10:00,Bawean,14.5,269
2026-03-12 00:10:00,Kalianget,4.6,250
2026-03-12 00:10:00,Banyuwangi,3.5,205
2026-03-12 00:10:00,KarangPloso,5.2,209
2026-03-12 00:10:00,Tretes,3.4,213
2026-03-12 00:10:00,KarangKates,0.7,20
2026-03-12 00:10:00,Sawahan,2.8,217
2026-03-12 00:10:00,Tuban,10.2,240
2026-03-12 00:10:00,Pacitan,6.2,295
2026-03-12 00:10:00,Dhoho,4.6,194
2026-03-12 00:20:00,Juanda,4.0,280
2026-03-12 00:20:00,Perak,5.7,270
2026-03-12 00:20:00,Bawean,14.5,269
2026-03-12 00:20:00,Kalianget,4.6,250
2026-03-12 00:20:00,Banyuwangi,3.5,205
2026-03-12 00:20:00,KarangPloso,5.2,209
2026-03-12 00:20:00,Tretes,3.4,213
2026-03-12 00:20:00,KarangKates,0.7,20
2026-03-12 00:20:00,Sawahan,2.8,217
2026-03-12 00:20:00,Tuban,10.2,240
2026-03-12 00:20:00,Pacitan,6.2,295
2026-03-12 00:20:00,Dhoho,4.6,194
2026-03-12 00:30:00,Juanda,2.6,278
2026-03-12 00:30:00,Perak,4.7,249
2026-03-12 00:30:00,Bawean,14.5,269
2026-03-12 00:30:00,Kalianget,4.5,261
2026-03-12 00:30:00,Banyuwangi,3.5,205
2026-03-12 00:30:00,KarangPloso,5.2,209
2026-03-12 00:30:00,Tretes,3.4,213
2026-03-12 00:30:00,KarangKates,2.7,229
2026-03-12 00:30:00,Sawahan,3.5,230
2026-03-12 00:30:00,Tuban,10.6,247
2026-03-12 00:30:00,Pacitan,7.2,285
2026-03-12 00:30:00,Dhoho,4.6,194
2026-03-12 00:40:00,Juanda,2.6,278
2026-03-12 00:40:00,Perak,4.7,249
2026-03-12 00:40:00,Bawean,15.8,273
2026-03-12 00:40:00,Kalianget,4.5,261
2026-03-12 00:40:00,Banyuwangi,5.1,212
2026-03-12 00:40:00,KarangPloso,5.3,208
2026-03-12 00:40:00,Tretes,1.8,216
2026-03-12 00:40:00,KarangKates,2.7,229
2026-03-12 00:40:00,Sawahan,3.5,230
2026-03-12 00:40:00,Tuban,10.6,247
2026-03-12 00:40:00,Pacitan,7.2,285
2026-03-12 00:40:00,Dhoho,5.3,180
2026-03-12 00:50:00,Juanda,2.6,278
2026-03-12 00:50:00,Perak,4.7,249
2026-03-12 00:50:00,Bawean,15.8,273
2026-03-12 00:50:00,Kalianget,4.5,261
2026-03-12 00:50:00,Banyuwangi,5.1,212
2026-03-12 00:50:00,KarangPloso,5.3,208
2026-03-12 00:50:00,Tretes,1.8,216
2026-03-12 00:50:00,KarangKates,2.7,229
2026-03-12 00:50:00,Sawahan,3.5,230
2026-03-12 00:50:00,Tuban,10.6,247
2026-03-12 00:50:00,Pacitan,7.2,285
2026-03-12 00:50:00,Dhoho,5.3,180
2026-03-12 01:00:00,Juanda,6.0,270
2026-03-12 01:00:00,Perak,4.7,249
2026-03-12 01:00:00,Bawean,15.8,273
2026-03-12 01:00:00,Kalianget,4.5,261
2026-03-12 01:00:00,Banyuwangi,5.1,212
2026-03-12 01:00:00,KarangPloso,5.3,208
2026-03-12 01:00:00,Tretes,1.8,216
2026-03-12 01:00:00,KarangKates,2.7,229
2026-03-12 01:00:00,Sawahan,3.5,230
2026-03-12 01:00:00,Tuban,10.6,247
2026-03-12 01:00:00,Pacitan,7.2,285
2026-03-12 01:00:00,Dhoho,5.3,180
2026-03-12 01:10:00,Juanda,6.0,270
2026-03-12 01:10:00,Perak,4.7,249
2026-03-12 01:10:00,Bawean,15.8,273
2026-03-12 01:10:00,Kalianget,4.5,261
2026-03-12 01:10:00,Banyuwangi,5.1,212
2026-03-12 01:10:00,KarangPloso,5.3,208
2026-03-12 01:10:00,Tretes,1.8,216
2026-03-12 01:10:00,KarangKates,2.7,229
2026-03-12 01:10:00,Sawahan,3.5,230
2026-03-12 01:10:00,Tuban,10.6,247
2026-03-12 01:10:00,Pacitan,7.2,285
2026-03-12 01:10:00,Dhoho,5.3,180
2026-03-12 01:20:00,Juanda,2.6,278
2026-03-12 01:20:00,Perak,4.7,249
2026-03-12 01:20:00,Bawean,15.8,273
2026-03-12 01:20:00,Kalianget,4.5,261
2026-03-12 01:20:00,Banyuwangi,5.1,212
2026-03-12 01:20:00,KarangPloso,5.3,208
2026-03-12 01:20:00,Tretes,1.8,216
2026-03-12 01:20:00,KarangKates,2.7,229
2026-03-12 01:20:00,Sawahan,3.5,230
2026-03-12 01:20:00,Tuban,10.6,247
2026-03-12 01:20:00,Pacitan,7.2,285
2026-03-12 01:20:00,Dhoho,5.3,180
2026-03-12 01:30:00,Juanda,2.6,278
2026-03-12 01:30:00,Perak,4.7,249
2026-03-12 01:30:00,Bawean,15.8,273
2026-03-12 01:30:00,Kalianget,4.5,261
2026-03-12 01:30:00,Banyuwangi,5.1,212
2026-03-12 01:30:00,KarangPloso,5.3,208
2026-03-12 01:30:00,Tretes,1.8,216
2026-03-12 01:30:00,KarangKates,2.7,229
2026-03-12 01:30:00,Sawahan,3.5,230
2026-03-12 01:30:00,Tuban,10.6,247
2026-03-12 01:30:00,Pacitan,7.2,285
2026-03-12 01:30:00,Dhoho,5.3,180
2026-03-12 01:40:00,Juanda,2.0,0
2026-03-12 01:40:00,Perak,5.4,250
2026-03-12 01:40:00,Bawean,16.3,269
2026-03-12 01:40:00,Kalianget,4.1,285
2026-03-12 01:40:00,Banyuwangi,6.4,189
2026-03-12 01:40:00,KarangPloso,5.6,213
2026-03-12 01:40:00,Tretes,1.2,207
2026-03-12 01:40:00,KarangKates,4.4,226
2026-03-12 01:40:00,Sawahan,3.7,243
2026-03-12 01:40:00,Tuban,11.0,254
2026-03-12 01:40:00,Pacitan,8.2,275
2026-03-12 01:40:00,Dhoho,4.7,180
2026-03-12 01:50:00,Juanda,2.0,0
2026-03-12 01:50:00,Perak,5.4,250
2026-03-12 01:50:00,Bawean,16.3,269
2026-03-12 01:50:00,Kalianget,4.1,285
2026-03-12 01:50:00,Banyuwangi,6.4,189
2026-03-12 01:50:00,KarangPloso,5.6,213
2026-03-12 01:50:00,Tretes,1.2,207
2026-03-12 01:50:00,KarangKates,4.4,226
2026-03-12 01:50:00,Sawahan,3.7,243
2026-03-12 01:50:00,Tuban,11.0,254
2026-03-12 01:50:00,Pacitan,8.2,275
2026-03-12 01:50:00,Dhoho,4.7,180
2026-03-12 02:00:00,Juanda,2.6,276
2026-03-12 02:00:00,Perak,5.4,250
2026-03-12 02:00:00,Bawean,16.3,269
2026-03-12 02:00:00,Kalianget,4.1,285
2026-03-12 02:00:00,Banyuwangi,6.4,189
2026-03-12 02:00:00,KarangPloso,5.6,213
2026-03-12 02:00:00,Tretes,1.2,207
2026-03-12 02:00:00,KarangKates,4.4,226
2026-03-12 02:00:00,Sawahan,3.7,243
2026-03-12 02:00:00,Tuban,11.0,254
2026-03-12 02:00:00,Pacitan,8.2,275
2026-03-12 02:00:00,Dhoho,4.7,180
2026-03-12 02:10:00,Juanda,2.6,276
2026-03-12 02:10:00,Perak,5.4,250
2026-03-12 02:10:00,Bawean,16.3,269
2026-03-12 02:10:00,Kalianget,4.1,285
2026-03-12 02:10:00,Banyuwangi,6.4,189
2026-03-12 02:10:00,KarangPloso,5.6,213
2026-03-12 02:10:00,Tretes,1.2,207
2026-03-12 02:10:00,KarangKates,4.4,226
2026-03-12 02:10:00,Sawahan,3.7,243
2026-03-12 02:10:00,Tuban,11.0,254
2026-03-12 02:10:00,Pacitan,8.2,275
2026-03-12 02:10:00,Dhoho,4.7,180
2026-03-12 02:20:00,Juanda,2.6,276
2026-03-12 02:20:00,Perak,5.4,250
2026-03-12 02:20:00,Bawean,16.3,269
2026-03-12 02:20:00,Kalianget,4.1,285
2026-03-12 02:20:00,Banyuwangi,6.4,189
2026-03-12 02:20:00,KarangPloso,5.6,213
2026-03-12 02:20:00,Tretes,1.2,207
2026-03-12 02:20:00,KarangKates,4.4,226
2026-03-12 02:20:00,Sawahan,3.7,243
2026-03-12 02:20:00,Tuban,11.0,254
2026-03-12 02:20:00,Pacitan,8.2,275
2026-03-12 02:20:00,Dhoho,4.7,180
2026-03-12 02:30:00,Juanda,2.6,276
2026-03-12 02:30:00,Perak,5.4,250
2026-03-12 02:30:00,Bawean,16.3,269
2026-03-12 02:30:00,Kalianget,4.5,287
2026-03-12 02:30:00,Banyuwangi,6.4,189
2026-03-12 02:30:00,KarangPloso,5.9,215
2026-03-12 02:30:00,Tretes,0.4,242
2026-03-12 02:30:00,KarangKates,4.4,226
2026-03-12 02:30:00,Sawahan,3.7,243
2026-03-12 02:30:00,Tuban,9.6,264
2026-03-12 02:30:00,Pacitan,9.2,266
2026-03-12 02:30:00,Dhoho,3.0,167
2026-03-12 02:40:00,Juanda,3.8,301
2026-03-12 02:40:00,Perak,4.0,140
2026-03-12 02:40:00,Bawean,14.0,264
2026-03-12 02:40:00,Kalianget,4.5,287
2026-03-12 02:40:00,Banyuwangi,6.2,186
2026-03-12 02:40:00,KarangPloso,5.9,215
2026-03-12 02:40:00,Tretes,0.4,242
2026-03-12 02:40:00,KarangKates,5.6,225
2026-03-12 02:40:00,Sawahan,4.4,254
2026-03-12 02:40:00,Tuban,9.6,264
2026-03-12 02:40:00,Pacitan,9.2,266
2026-03-12 02:40:00,Dhoho,3.0,167
2026-03-12 02:50:00,Juanda,3.8,301
2026-03-12 02:50:00,Perak,6.1,258
2026-03-12 02:50:00,Bawean,14.0,264
2026-03-12 02:50:00,Kalianget,4.5,287
2026-03-12 02:50:00,Banyuwangi,6.2,186
2026-03-12 02:50:00,KarangPloso,5.9,215
2026-03-12 02:50:00,Tretes,0.4,242
2026-03-12 02:50:00,KarangKates,5.6,225
2026-03-12 02:50:00,Sawahan,4.4,254
2026-03-12 02:50:00,Tuban,9.6,264
2026-03-12 02:50:00,Pacitan,9.2,266
2026-03-12 02:50:00,Dhoho,3.0,167
2026-03-12 03:00:00,Juanda,3.8,301
2026-03-12 03:00:00,Perak,6.1,258
2026-03-12 03:00:00,Bawean,14.0,264
2026-03-12 03:00:00,Kalianget,4.5,287
2026-03-12 03:00:00,Banyuwangi,6.2,186
2026-03-12 03:00:00,KarangPloso,5.9,215
2026-03-12 03:00:00,Tretes,0.4,242
2026-03-12 03:00:00,KarangKates,5.6,225
2026-03-12 03:00:00,Sawahan,4.4,254
2026-03-12 03:00:00,Tuban,9.6,264
2026-03-12 03:00:00,Pacitan,9.2,266
2026-03-12 03:00:00,Dhoho,3.0,167
2026-03-12 03:10:00,Juanda,3.8,301
2026-03-12 03:10:00,Perak,6.1,258
2026-03-12 03:10:00,Bawean,14.0,264
2026-03-12 03:10:00,Kalianget,4.5,287
2026-03-12 03:10:00,Banyuwangi,6.2,186
2026-03-12 03:10:00,KarangPloso,5.9,215
2026-03-12 03:10:00,Tretes,0.4,242
2026-03-12 03:10:00,KarangKates,5.6,225
2026-03-12 03:10:00,Sawahan,4.4,254
2026-03-12 03:10:00,Tuban,9.6,264
2026-03-12 03:10:00,Pacitan,9.2,266
2026-03-12 03:10:00,Dhoho,3.0,167
2026-03-12 03:20:00,Juanda,3.8,301
2026-03-12 03:20:00,Perak,6.1,258
2026-03-12 03:20:00,Bawean,14.0,264
2026-03-12 03:20:00,Kalianget,4.5,287
2026-03-12 03:20:00,Banyuwangi,6.2,186
2026-03-12 03:20:00,KarangPloso,5.9,215
2026-03-12 03:20:00,Tretes,0.4,242
2026-03-12 03:20:00,KarangKates,5.6,225
2026-03-12 03:20:00,Sawahan,4.4,254
2026-03-12 03:20:00,Tuban,9.6,264
2026-03-12 03:20:00,Pacitan,9.2,266
2026-03-12 03:20:00,Dhoho,3.0,167